GISJOIN,STATE,STATEA,SMSA,SMSAA,COUNTY,COUNTYA,TRACTA,BLOCKA,TOTAL_POP
G36005903004198,New York,36,"NASSAU-SUFFOLK, N.Y.",5380,Nassau,059,3004,198,0
G36005903004199,New York,36,"NASSAU-SUFFOLK, N.Y.",5380,Nassau,059,3004,199,0
G3600590303102102,New York,36,"NASSAU-SUFFOLK, N.Y.",5380,Nassau,059,303102,102,19
G36005904047825,New York,36,"NASSAU-SUFFOLK, N.Y.",5380,Nassau,059,4047,825,23
G36005904050209,New York,36,"NASSAU-SUFFOLK, N.Y.",5380,Nassau,059,4050,209,0
G3600590405301716,New York,36,"NASSAU-SUFFOLK, N.Y.",5380,Nassau,059,405301,716,4
G3600590406202506,New York,36,"NASSAU-SUFFOLK, N.Y.",5380,Nassau,059,406202,506,0
G3600590406202605,New York,36,"NASSAU-SUFFOLK, N.Y.",5380,Nassau,059,406202,605,0
G36005904063301,New York,36,"NASSAU-SUFFOLK, N.Y.",5380,Nassau,059,4063,301,21
G36005904063317,New York,36,"NASSAU-SUFFOLK, N.Y.",5380,Nassau,059,4063,317,28
G36005904063418,New York,36,"NASSAU-SUFFOLK, N.Y.",5380,Nassau,059,4063,418,46
G36005904063420,New York,36,"NASSAU-SUFFOLK, N.Y.",5380,Nassau,059,4063,420,7
G3600590411302205,New York,36,"NASSAU-SUFFOLK, N.Y.",5380,Nassau,059,411302,205,142
G3600590411302206,New York,36,"NASSAU-SUFFOLK, N.Y.",5380,Nassau,059,411302,206,74
G36005904120713,New York,36,"NASSAU-SUFFOLK, N.Y.",5380,Nassau,059,4120,713,0
G3600590412301315,New York,36,"NASSAU-SUFFOLK, N.Y.",5380,Nassau,059,412301,315,7
G3600590414502207,New York,36,"NASSAU-SUFFOLK, N.Y.",5380,Nassau,059,414502,207,0
G3600590416202422,New York,36,"NASSAU-SUFFOLK, N.Y.",5380,Nassau,059,416202,422,0
G36005905171410,New York,36,"NASSAU-SUFFOLK, N.Y.",5380,Nassau,059,5171,410,231
G3600590517701331,New York,36,"NASSAU-SUFFOLK, N.Y.",5380,Nassau,059,517701,331,4
G3600590517704123,New York,36,"NASSAU-SUFFOLK, N.Y.",5380,Nassau,059,517704,123,1486
G3600590518202238,New York,36,"NASSAU-SUFFOLK, N.Y.",5380,Nassau,059,518202,238,201
G3600590518202239,New York,36,"NASSAU-SUFFOLK, N.Y.",5380,Nassau,059,518202,239,574
G3600590520002627,New York,36,"NASSAU-SUFFOLK, N.Y.",5380,Nassau,059,520002,627,0
G36005905206213,New York,36,"NASSAU-SUFFOLK, N.Y.",5380,Nassau,059,5206,213,79
G3600590521601215,New York,36,"NASSAU-SUFFOLK, N.Y.",5380,Nassau,059,521601,215,39
G3601030112206317,New York,36,"NASSAU-SUFFOLK, N.Y.",5380,Suffolk,103,112206,317,0
G3601030122502623,New York,36,"NASSAU-SUFFOLK, N.Y.",5380,Suffolk,103,122502,623,27
G3601030122902118,New York,36,"NASSAU-SUFFOLK, N.Y.",5380,Suffolk,103,122902,118,147
G3601030123002223,New York,36,"NASSAU-SUFFOLK, N.Y.",5380,Suffolk,103,123002,223,0
G3601030123102220,New York,36,"NASSAU-SUFFOLK, N.Y.",5380,Suffolk,103,123102,220,54
G3601030123301202,New York,36,"NASSAU-SUFFOLK, N.Y.",5380,Suffolk,103,123301,202,0
G3601030123401242,New York,36,"NASSAU-SUFFOLK, N.Y.",5380,Suffolk,103,123401,242,0
G3601030124602114,New York,36,"NASSAU-SUFFOLK, N.Y.",5380,Suffolk,103,124602,114,5
G3601030124602405,New York,36,"NASSAU-SUFFOLK, N.Y.",5380,Suffolk,103,124602,405,9
G36010301348910,New York,36,"NASSAU-SUFFOLK, N.Y.",5380,Suffolk,103,1348,910,0
G3601030135204230,New York,36,"NASSAU-SUFFOLK, N.Y.",5380,Suffolk,103,135204,230,38
G3601030145701119,New York,36,"NASSAU-SUFFOLK, N.Y.",5380,Suffolk,103,145701,119,114
G3601030145701301,New York,36,"NASSAU-SUFFOLK, N.Y.",5380,Suffolk,103,145701,301,0
G3601030145701302,New York,36,"NASSAU-SUFFOLK, N.Y.",5380,Suffolk,103,145701,302,0
G3601030145701303,New York,36,"NASSAU-SUFFOLK, N.Y.",5380,Suffolk,103,145701,303,0
G3601030145701304,New York,36,"NASSAU-SUFFOLK, N.Y.",5380,Suffolk,103,145701,304,0
G3601030145701920,New York,36,"NASSAU-SUFFOLK, N.Y.",5380,Suffolk,103,145701,920,5
G3601030145803120,New York,36,"NASSAU-SUFFOLK, N.Y.",5380,Suffolk,103,145803,120,47
G3601030145803121,New York,36,"NASSAU-SUFFOLK, N.Y.",5380,Suffolk,103,145803,121,0
G3601030145803301,New York,36,"NASSAU-SUFFOLK, N.Y.",5380,Suffolk,103,145803,301,42
G3601030145803313,New York,36,"NASSAU-SUFFOLK, N.Y.",5380,Suffolk,103,145803,313,193
G3601030145805543,New York,36,"NASSAU-SUFFOLK, N.Y.",5380,Suffolk,103,145805,543,106
G3601030145806713,New York,36,"NASSAU-SUFFOLK, N.Y.",5380,Suffolk,103,145806,713,0
G3601030145806831,New York,36,"NASSAU-SUFFOLK, N.Y.",5380,Suffolk,103,145806,831,16
G3601030145806832,New York,36,"NASSAU-SUFFOLK, N.Y.",5380,Suffolk,103,145806,832,63
G3601030145806899,New York,36,"NASSAU-SUFFOLK, N.Y.",5380,Suffolk,103,145806,899,38
G3601030146002298,New York,36,"NASSAU-SUFFOLK, N.Y.",5380,Suffolk,103,146002,298,98
G3601030146003109,New York,36,"NASSAU-SUFFOLK, N.Y.",5380,Suffolk,103,146003,109,46
G3601030146003330,New York,36,"NASSAU-SUFFOLK, N.Y.",5380,Suffolk,103,146003,330,7
G3601030146103230,New York,36,"NASSAU-SUFFOLK, N.Y.",5380,Suffolk,103,146103,230,0
G3601030146104327,New York,36,"NASSAU-SUFFOLK, N.Y.",5380,Suffolk,103,146104,327,0
G3601030146104332,New York,36,"NASSAU-SUFFOLK, N.Y.",5380,Suffolk,103,146104,332,4
G3601030146105127,New York,36,"NASSAU-SUFFOLK, N.Y.",5380,Suffolk,103,146105,127,44
G3601030146105195,New York,36,"NASSAU-SUFFOLK, N.Y.",5380,Suffolk,103,146105,195,469
G3601030146202229,New York,36,"NASSAU-SUFFOLK, N.Y.",5380,Suffolk,103,146202,229,58
G3601030146204125,New York,36,"NASSAU-SUFFOLK, N.Y.",5380,Suffolk,103,146204,125,123
G3601030146204126,New York,36,"NASSAU-SUFFOLK, N.Y.",5380,Suffolk,103,146204,126,114
G3601030146204127,New York,36,"NASSAU-SUFFOLK, N.Y.",5380,Suffolk,103,146204,127,49
G3601030146204128,New York,36,"NASSAU-SUFFOLK, N.Y.",5380,Suffolk,103,146204,128,0
G3601030146204135,New York,36,"NASSAU-SUFFOLK, N.Y.",5380,Suffolk,103,146204,135,171
G36010301463125,New York,36,"NASSAU-SUFFOLK, N.Y.",5380,Suffolk,103,1463,125,0
G3601030146402186,New York,36,"NASSAU-SUFFOLK, N.Y.",5380,Suffolk,103,146402,186,16
G36010301465415,New York,36,"NASSAU-SUFFOLK, N.Y.",5380,Suffolk,103,1465,415,36
G3601030146606522,New York,36,"NASSAU-SUFFOLK, N.Y.",5380,Suffolk,103,146606,522,142
G3601030146609345,New York,36,"NASSAU-SUFFOLK, N.Y.",5380,Suffolk,103,146609,345,46
G3601030146609443,New York,36,"NASSAU-SUFFOLK, N.Y.",5380,Suffolk,103,146609,443,2
G3601030146705224,New York,36,"NASSAU-SUFFOLK, N.Y.",5380,Suffolk,103,146705,224,52
G3601030146705226,New York,36,"NASSAU-SUFFOLK, N.Y.",5380,Suffolk,103,146705,226,62
G3601030147002125,New York,36,"NASSAU-SUFFOLK, N.Y.",5380,Suffolk,103,147002,125,41
G36010301471326,New York,36,"NASSAU-SUFFOLK, N.Y.",5380,Suffolk,103,1471,326,36
G36010301472503,New York,36,"NASSAU-SUFFOLK, N.Y.",5380,Suffolk,103,1472,503,109
G36010301472621,New York,36,"NASSAU-SUFFOLK, N.Y.",5380,Suffolk,103,1472,621,0
G3601030147399200,New York,36,"NASSAU-SUFFOLK, N.Y.",5380,Suffolk,103,147399,200,7
G3601030147602215,New York,36,"NASSAU-SUFFOLK, N.Y.",5380,Suffolk,103,147602,215,37
G3601030158001325,New York,36,"NASSAU-SUFFOLK, N.Y.",5380,Suffolk,103,158001,325,77
G3601030158001326,New York,36,"NASSAU-SUFFOLK, N.Y.",5380,Suffolk,103,158001,326,41
G3601030158002414,New York,36,"NASSAU-SUFFOLK, N.Y.",5380,Suffolk,103,158002,414,10
G3601030158002426,New York,36,"NASSAU-SUFFOLK, N.Y.",5380,Suffolk,103,158002,426,26
G3601030158002622,New York,36,"NASSAU-SUFFOLK, N.Y.",5380,Suffolk,103,158002,622,29
G3601030158006197,New York,36,"NASSAU-SUFFOLK, N.Y.",5380,Suffolk,103,158006,197,79
G3601030158006253,New York,36,"NASSAU-SUFFOLK, N.Y.",5380,Suffolk,103,158006,253,67
G3601030158113137,New York,36,"NASSAU-SUFFOLK, N.Y.",5380,Suffolk,103,158113,137,48
G3601030158204298,New York,36,"NASSAU-SUFFOLK, N.Y.",5380,Suffolk,103,158204,298,21
G3601030158204525,New York,36,"NASSAU-SUFFOLK, N.Y.",5380,Suffolk,103,158204,525,0
G3601030158204611,New York,36,"NASSAU-SUFFOLK, N.Y.",5380,Suffolk,103,158204,611,81
G3601030158299100,New York,36,"NASSAU-SUFFOLK, N.Y.",5380,Suffolk,103,158299,100,0
G3601030158306945,New York,36,"NASSAU-SUFFOLK, N.Y.",5380,Suffolk,103,158306,945,108
G3601030158308299,New York,36,"NASSAU-SUFFOLK, N.Y.",5380,Suffolk,103,158308,299,49
G3601030158502206,New York,36,"NASSAU-SUFFOLK, N.Y.",5380,Suffolk,103,158502,206,14
G3601030158502516,New York,36,"NASSAU-SUFFOLK, N.Y.",5380,Suffolk,103,158502,516,0
G3601030158507232,New York,36,"NASSAU-SUFFOLK, N.Y.",5380,Suffolk,103,158507,232,0
G3601030158604101,New York,36,"NASSAU-SUFFOLK, N.Y.",5380,Suffolk,103,158604,101,0
G3601030158604348,New York,36,"NASSAU-SUFFOLK, N.Y.",5380,Suffolk,103,158604,348,42
G3601030158705217,New York,36,"NASSAU-SUFFOLK, N.Y.",5380,Suffolk,103,158705,217,5
G3601030158707914,New York,36,"NASSAU-SUFFOLK, N.Y.",5380,Suffolk,103,158707,914,0
G3601030158710533,New York,36,"NASSAU-SUFFOLK, N.Y.",5380,Suffolk,103,158710,533,13
G3601030159203414,New York,36,"NASSAU-SUFFOLK, N.Y.",5380,Suffolk,103,159203,414,3
G3601030159405598,New York,36,"NASSAU-SUFFOLK, N.Y.",5380,Suffolk,103,159405,598,40
G3601030159405599,New York,36,"NASSAU-SUFFOLK, N.Y.",5380,Suffolk,103,159405,599,21
G3601030159502608,New York,36,"NASSAU-SUFFOLK, N.Y.",5380,Suffolk,103,159502,608,12
G3601030159502667,New York,36,"NASSAU-SUFFOLK, N.Y.",5380,Suffolk,103,159502,667,0
G3601030159502919,New York,36,"NASSAU-SUFFOLK, N.Y.",5380,Suffolk,103,159502,919,0
G3601030159505833,New York,36,"NASSAU-SUFFOLK, N.Y.",5380,Suffolk,103,159505,833,0
G3601030159505904,New York,36,"NASSAU-SUFFOLK, N.Y.",5380,Suffolk,103,159505,904,0
G36010301699715,New York,36,"NASSAU-SUFFOLK, N.Y.",5380,Suffolk,103,1699,715,103
G3601030190701108,New York,36,"NASSAU-SUFFOLK, N.Y.",5380,Suffolk,103,190701,108,6
G3601030190703265,New York,36,"NASSAU-SUFFOLK, N.Y.",5380,Suffolk,103,190703,265,1
G36010302009628,New York,36,"NASSAU-SUFFOLK, N.Y.",5380,Suffolk,103,2009,628,1
G3601030201001589,New York,36,"NASSAU-SUFFOLK, N.Y.",5380,Suffolk,103,201001,589,0
G3601030201002250,New York,36,"NASSAU-SUFFOLK, N.Y.",5380,Suffolk,103,201002,250,22
G3601030201099200,New York,36,"NASSAU-SUFFOLK, N.Y.",5380,Suffolk,103,201099,200,9
G36000500005901,New York,36,"NEW YORK, N.Y.-N.J.",5600,Bronx,005,0005,901,0
G36000500005902,New York,36,"NEW YORK, N.Y.-N.J.",5600,Bronx,005,0005,902,0
G3600050008199100,New York,36,"NEW YORK, N.Y.-N.J.",5600,Bronx,005,008199,100,0
G3600050008199200,New York,36,"NEW YORK, N.Y.-N.J.",5600,Bronx,005,008199,200,162
G36000500138102,New York,36,"NEW YORK, N.Y.-N.J.",5600,Bronx,005,0138,102,17
G36000500160213,New York,36,"NEW YORK, N.Y.-N.J.",5600,Bronx,005,0160,213,13
G3600050036901106,New York,36,"NEW YORK, N.Y.-N.J.",5600,Bronx,005,036901,106,22
G36000500504901,New York,36,"NEW YORK, N.Y.-N.J.",5600,Bronx,005,0504,901,0
G36000500504903,New York,36,"NEW YORK, N.Y.-N.J.",5600,Bronx,005,0504,903,0
G36000500504916,New York,36,"NEW YORK, N.Y.-N.J.",5600,Bronx,005,0504,916,0
G3600470001899100,New York,36,"NEW YORK, N.Y.-N.J.",5600,Kings,047,001899,100,57
G3600470002199100,New York,36,"NEW YORK, N.Y.-N.J.",5600,Kings,047,002199,100,0
G3600470005599100,New York,36,"NEW YORK, N.Y.-N.J.",5600,Kings,047,005599,100,0
G36004700063207,New York,36,"NEW YORK, N.Y.-N.J.",5600,Kings,047,0063,207,54
G36004700443103,New York,36,"NEW YORK, N.Y.-N.J.",5600,Kings,047,0443,103,516
G36004700443303,New York,36,"NEW YORK, N.Y.-N.J.",5600,Kings,047,0443,303,302
G36004700508102,New York,36,"NEW YORK, N.Y.-N.J.",5600,Kings,047,0508,102,1175
G36004700508103,New York,36,"NEW YORK, N.Y.-N.J.",5600,Kings,047,0508,103,762
G36004700513403,New York,36,"NEW YORK, N.Y.-N.J.",5600,Kings,047,0513,403,0
G36004700513406,New York,36,"NEW YORK, N.Y.-N.J.",5600,Kings,047,0513,406,71
G36004700539111,New York,36,"NEW YORK, N.Y.-N.J.",5600,Kings,047,0539,111,146
G3600470054399200,New York,36,"NEW YORK, N.Y.-N.J.",5600,Kings,047,054399,200,0
G3600470057799100,New York,36,"NEW YORK, N.Y.-N.J.",5600,Kings,047,057799,100,0
G36004700616103,New York,36,"NEW YORK, N.Y.-N.J.",5600,Kings,047,0616,103,131
G36004700682101,New York,36,"NEW YORK, N.Y.-N.J.",5600,Kings,047,0682,101,2
G36004700910107,New York,36,"NEW YORK, N.Y.-N.J.",5600,Kings,047,0910,107,0
G36004700918107,New York,36,"NEW YORK, N.Y.-N.J.",5600,Kings,047,0918,107,9
G3600610000202304,New York,36,"NEW YORK, N.Y.-N.J.",5600,New York,061,000202,304,0
G3600610000202307,New York,36,"NEW YORK, N.Y.-N.J.",5600,New York,061,000202,307,0
G3600610000599200,New York,36,"NEW YORK, N.Y.-N.J.",5600,New York,061,000599,200,574
G3600610001002301,New York,36,"NEW YORK, N.Y.-N.J.",5600,New York,061,001002,301,0
G36006100012103,New York,36,"NEW YORK, N.Y.-N.J.",5600,New York,061,0012,103,1
G3600610001402205,New York,36,"NEW YORK, N.Y.-N.J.",5600,New York,061,001402,205,0
G3600610003002202,New York,36,"NEW YORK, N.Y.-N.J.",5600,New York,061,003002,202,0
G3600610004402404,New York,36,"NEW YORK, N.Y.-N.J.",5600,New York,061,004402,404,2973
G3600610005501501,New York,36,"NEW YORK, N.Y.-N.J.",5600,New York,061,005501,501,0
G36006100065501,New York,36,"NEW YORK, N.Y.-N.J.",5600,New York,061,0065,501,115
G36006100099108,New York,36,"NEW YORK, N.Y.-N.J.",5600,New York,061,0099,108,0
G3600610015199100,New York,36,"NEW YORK, N.Y.-N.J.",5600,New York,061,015199,100,0
G36006100223401,New York,36,"NEW YORK, N.Y.-N.J.",5600,New York,061,0223,401,3261
G36006100238905,New York,36,"NEW YORK, N.Y.-N.J.",5600,New York,061,0238,905,0
G36006100297102,New York,36,"NEW YORK, N.Y.-N.J.",5600,New York,061,0297,102,0
G3600610031399100,New York,36,"NEW YORK, N.Y.-N.J.",5600,New York,061,031399,100,0
G3600610031702905,New York,36,"NEW YORK, N.Y.-N.J.",5600,New York,061,031702,905,0
G3600610031702907,New York,36,"NEW YORK, N.Y.-N.J.",5600,New York,061,031702,907,0
G3600610031799100,New York,36,"NEW YORK, N.Y.-N.J.",5600,New York,061,031799,100,0
G36006100319912,New York,36,"NEW YORK, N.Y.-N.J.",5600,New York,061,0319,912,0
G3600610031999100,New York,36,"NEW YORK, N.Y.-N.J.",5600,New York,061,031999,100,54
G36007900102413,New York,36,"NEW YORK, N.Y.-N.J.",5600,Putnam,079,0102,413,2
G36007900107104,New York,36,"NEW YORK, N.Y.-N.J.",5600,Putnam,079,0107,104,2
G36007900107207,New York,36,"NEW YORK, N.Y.-N.J.",5600,Putnam,079,0107,207,2
G36007900109832,New York,36,"NEW YORK, N.Y.-N.J.",5600,Putnam,079,0109,832,0
G36007900112309,New York,36,"NEW YORK, N.Y.-N.J.",5600,Putnam,079,0112,309,0
G36007900112316,New York,36,"NEW YORK, N.Y.-N.J.",5600,Putnam,079,0112,316,0
G36007900113312,New York,36,"NEW YORK, N.Y.-N.J.",5600,Putnam,079,0113,312,0
G36007900113327,New York,36,"NEW YORK, N.Y.-N.J.",5600,Putnam,079,0113,327,0
G36007900115401,New York,36,"NEW YORK, N.Y.-N.J.",5600,Putnam,079,0115,401,9
G36008100001218,New York,36,"NEW YORK, N.Y.-N.J.",5600,Queens,081,0001,218,0
G36008100171116,New York,36,"NEW YORK, N.Y.-N.J.",5600,Queens,081,0171,116,0
G36008100216107,New York,36,"NEW YORK, N.Y.-N.J.",5600,Queens,081,0216,107,0
G36008100216216,New York,36,"NEW YORK, N.Y.-N.J.",5600,Queens,081,0216,216,0
G3600810022002202,New York,36,"NEW YORK, N.Y.-N.J.",5600,Queens,081,022002,202,111
G3600810022002901,New York,36,"NEW YORK, N.Y.-N.J.",5600,Queens,081,022002,901,4
G36008100246110,New York,36,"NEW YORK, N.Y.-N.J.",5600,Queens,081,0246,110,0
G36008100263303,New York,36,"NEW YORK, N.Y.-N.J.",5600,Queens,081,0263,303,439
G36008100295207,New York,36,"NEW YORK, N.Y.-N.J.",5600,Queens,081,0295,207,0
G36008100327107,New York,36,"NEW YORK, N.Y.-N.J.",5600,Queens,081,0327,107,68
G36008100331904,New York,36,"NEW YORK, N.Y.-N.J.",5600,Queens,081,0331,904,0
G36008100369103,New York,36,"NEW YORK, N.Y.-N.J.",5600,Queens,081,0369,103,0
G36008100466112,New York,36,"NEW YORK, N.Y.-N.J.",5600,Queens,081,0466,112,0
G3600810069702118,New York,36,"NEW YORK, N.Y.-N.J.",5600,Queens,081,069702,118,0
G3600810069702119,New York,36,"NEW YORK, N.Y.-N.J.",5600,Queens,081,069702,119,37
G36008100773110,New York,36,"NEW YORK, N.Y.-N.J.",5600,Queens,081,0773,110,104
G3600810091699200,New York,36,"NEW YORK, N.Y.-N.J.",5600,Queens,081,091699,200,14
G36008100919309,New York,36,"NEW YORK, N.Y.-N.J.",5600,Queens,081,0919,309,75
G36008100928101,New York,36,"NEW YORK, N.Y.-N.J.",5600,Queens,081,0928,101,0
G36008100938901,New York,36,"NEW YORK, N.Y.-N.J.",5600,Queens,081,0938,901,0
G36008100964303,New York,36,"NEW YORK, N.Y.-N.J.",5600,Queens,081,0964,303,124
G36008100964304,New York,36,"NEW YORK, N.Y.-N.J.",5600,Queens,081,0964,304,96
G36008100964305,New York,36,"NEW YORK, N.Y.-N.J.",5600,Queens,081,0964,305,45
G36008100964306,New York,36,"NEW YORK, N.Y.-N.J.",5600,Queens,081,0964,306,5
G36008100964307,New York,36,"NEW YORK, N.Y.-N.J.",5600,Queens,081,0964,307,36
G36008100964308,New York,36,"NEW YORK, N.Y.-N.J.",5600,Queens,081,0964,308,112
G36008100964309,New York,36,"NEW YORK, N.Y.-N.J.",5600,Queens,081,0964,309,68
G36008100964313,New York,36,"NEW YORK, N.Y.-N.J.",5600,Queens,081,0964,313,11
G36008100964316,New York,36,"NEW YORK, N.Y.-N.J.",5600,Queens,081,0964,316,42
G3600810107202903,New York,36,"NEW YORK, N.Y.-N.J.",5600,Queens,081,107202,903,0
G36008101097209,New York,36,"NEW YORK, N.Y.-N.J.",5600,Queens,081,1097,209,0
G36008101113214,New York,36,"NEW YORK, N.Y.-N.J.",5600,Queens,081,1113,214,54
G36008101207203,New York,36,"NEW YORK, N.Y.-N.J.",5600,Queens,081,1207,203,92
G36008101429108,New York,36,"NEW YORK, N.Y.-N.J.",5600,Queens,081,1429,108,100
G3600850001599100,New York,36,"NEW YORK, N.Y.-N.J.",5600,Richmond,085,001599,100,31
G3600850015601114,New York,36,"NEW YORK, N.Y.-N.J.",5600,Richmond,085,015601,114,35
G36008500164102,New York,36,"NEW YORK, N.Y.-N.J.",5600,Richmond,085,0164,102,47
G36008500164103,New York,36,"NEW YORK, N.Y.-N.J.",5600,Richmond,085,0164,103,40
G36008500164105,New York,36,"NEW YORK, N.Y.-N.J.",5600,Richmond,085,0164,105,5
G36008500164107,New York,36,"NEW YORK, N.Y.-N.J.",5600,Richmond,085,0164,107,0
G36008500164108,New York,36,"NEW YORK, N.Y.-N.J.",5600,Richmond,085,0164,108,0
G3600850017002236,New York,36,"NEW YORK, N.Y.-N.J.",5600,Richmond,085,017002,236,296
G36008500239112,New York,36,"NEW YORK, N.Y.-N.J.",5600,Richmond,085,0239,112,205
G36008500239113,New York,36,"NEW YORK, N.Y.-N.J.",5600,Richmond,085,0239,113,166
G3600850032399100,New York,36,"NEW YORK, N.Y.-N.J.",5600,Richmond,085,032399,100,30
G36008700101316,New York,36,"NEW YORK, N.Y.-N.J.",5600,Rockland,087,0101,316,0
G36008700101816,New York,36,"NEW YORK, N.Y.-N.J.",5600,Rockland,087,0101,816,121
G36008700107433,New York,36,"NEW YORK, N.Y.-N.J.",5600,Rockland,087,0107,433,0
G36008700112514,New York,36,"NEW YORK, N.Y.-N.J.",5600,Rockland,087,0112,514,166
G36008700113726,New York,36,"NEW YORK, N.Y.-N.J.",5600,Rockland,087,0113,726,0
G36008700115252,New York,36,"NEW YORK, N.Y.-N.J.",5600,Rockland,087,0115,252,43
G36008700115305,New York,36,"NEW YORK, N.Y.-N.J.",5600,Rockland,087,0115,305,105
G36008700115739,New York,36,"NEW YORK, N.Y.-N.J.",5600,Rockland,087,0115,739,67
G36008700116962,New York,36,"NEW YORK, N.Y.-N.J.",5600,Rockland,087,0116,962,90
G36008700117105,New York,36,"NEW YORK, N.Y.-N.J.",5600,Rockland,087,0117,105,0
G36008700118137,New York,36,"NEW YORK, N.Y.-N.J.",5600,Rockland,087,0118,137,84
G36008700118138,New York,36,"NEW YORK, N.Y.-N.J.",5600,Rockland,087,0118,138,179
G36008700121231,New York,36,"NEW YORK, N.Y.-N.J.",5600,Rockland,087,0121,231,0
G36008700123241,New York,36,"NEW YORK, N.Y.-N.J.",5600,Rockland,087,0123,241,4
G36008700124249,New York,36,"NEW YORK, N.Y.-N.J.",5600,Rockland,087,0124,249,306
G36008700130316,New York,36,"NEW YORK, N.Y.-N.J.",5600,Rockland,087,0130,316,197
G36008700130513,New York,36,"NEW YORK, N.Y.-N.J.",5600,Rockland,087,0130,513,65
G36008700133128,New York,36,"NEW YORK, N.Y.-N.J.",5600,Rockland,087,0133,128,0
G36008700134431,New York,36,"NEW YORK, N.Y.-N.J.",5600,Rockland,087,0134,431,30
G36008700134937,New York,36,"NEW YORK, N.Y.-N.J.",5600,Rockland,087,0134,937,42
G36008700134945,New York,36,"NEW YORK, N.Y.-N.J.",5600,Rockland,087,0134,945,0
G36011900048627,New York,36,"NEW YORK, N.Y.-N.J.",5600,Westchester,119,0048,627,318
G36011900051602,New York,36,"NEW YORK, N.Y.-N.J.",5600,Westchester,119,0051,602,0
G36011900053212,New York,36,"NEW YORK, N.Y.-N.J.",5600,Westchester,119,0053,212,23
G36011900055402,New York,36,"NEW YORK, N.Y.-N.J.",5600,Westchester,119,0055,402,0
G36011900060203,New York,36,"NEW YORK, N.Y.-N.J.",5600,Westchester,119,0060,203,0
G3601190006801608,New York,36,"NEW YORK, N.Y.-N.J.",5600,Westchester,119,006801,608,54
G36011900073126,New York,36,"NEW YORK, N.Y.-N.J.",5600,Westchester,119,0073,126,0
G36011900075303,New York,36,"NEW YORK, N.Y.-N.J.",5600,Westchester,119,0075,303,0
G36011900077332,New York,36,"NEW YORK, N.Y.-N.J.",5600,Westchester,119,0077,332,184
G36011900077416,New York,36,"NEW YORK, N.Y.-N.J.",5600,Westchester,119,0077,416,11
G3601190008301307,New York,36,"NEW YORK, N.Y.-N.J.",5600,Westchester,119,008301,307,120
G3601190008301502,New York,36,"NEW YORK, N.Y.-N.J.",5600,Westchester,119,008301,502,0
G3601190008401215,New York,36,"NEW YORK, N.Y.-N.J.",5600,Westchester,119,008401,215,0
G3601190008404309,New York,36,"NEW YORK, N.Y.-N.J.",5600,Westchester,119,008404,309,77
G36011900085907,New York,36,"NEW YORK, N.Y.-N.J.",5600,Westchester,119,0085,907,0
G36011900086911,New York,36,"NEW YORK, N.Y.-N.J.",5600,Westchester,119,0086,911,0
G36011900087512,New York,36,"NEW YORK, N.Y.-N.J.",5600,Westchester,119,0087,512,0
G36011900089902,New York,36,"NEW YORK, N.Y.-N.J.",5600,Westchester,119,0089,902,0
G36011900104406,New York,36,"NEW YORK, N.Y.-N.J.",5600,Westchester,119,0104,406,0
G36011900104412,New York,36,"NEW YORK, N.Y.-N.J.",5600,Westchester,119,0104,412,0
G36011900107142,New York,36,"NEW YORK, N.Y.-N.J.",5600,Westchester,119,0107,142,3
G36011900107916,New York,36,"NEW YORK, N.Y.-N.J.",5600,Westchester,119,0107,916,0
G3601190010901218,New York,36,"NEW YORK, N.Y.-N.J.",5600,Westchester,119,010901,218,0
G3601190010902301,New York,36,"NEW YORK, N.Y.-N.J.",5600,Westchester,119,010902,301,0
G3601190010902309,New York,36,"NEW YORK, N.Y.-N.J.",5600,Westchester,119,010902,309,0
G36011900110913,New York,36,"NEW YORK, N.Y.-N.J.",5600,Westchester,119,0110,913,0
G36011900115604,New York,36,"NEW YORK, N.Y.-N.J.",5600,Westchester,119,0115,604,0
G36011900117107,New York,36,"NEW YORK, N.Y.-N.J.",5600,Westchester,119,0117,107,14
G36011900118222,New York,36,"NEW YORK, N.Y.-N.J.",5600,Westchester,119,0118,222,0
G3601190011902342,New York,36,"NEW YORK, N.Y.-N.J.",5600,Westchester,119,011902,342,57
G3601190011902901,New York,36,"NEW YORK, N.Y.-N.J.",5600,Westchester,119,011902,901,0
G36011900120536,New York,36,"NEW YORK, N.Y.-N.J.",5600,Westchester,119,0120,536,0
G36011900121636,New York,36,"NEW YORK, N.Y.-N.J.",5600,Westchester,119,0121,636,136
G36011900122121,New York,36,"NEW YORK, N.Y.-N.J.",5600,Westchester,119,0122,121,11
G3601190012301207,New York,36,"NEW YORK, N.Y.-N.J.",5600,Westchester,119,012301,207,4
G3601190012301219,New York,36,"NEW YORK, N.Y.-N.J.",5600,Westchester,119,012301,219,193
G3601190012301220,New York,36,"NEW YORK, N.Y.-N.J.",5600,Westchester,119,012301,220,0
G3601190012301221,New York,36,"NEW YORK, N.Y.-N.J.",5600,Westchester,119,012301,221,27
G3601190012302902,New York,36,"NEW YORK, N.Y.-N.J.",5600,Westchester,119,012302,902,0
G3601190012302903,New York,36,"NEW YORK, N.Y.-N.J.",5600,Westchester,119,012302,903,0
G3601190012302930,New York,36,"NEW YORK, N.Y.-N.J.",5600,Westchester,119,012302,930,0
G36011900127923,New York,36,"NEW YORK, N.Y.-N.J.",5600,Westchester,119,0127,923,0
G36011900127924,New York,36,"NEW YORK, N.Y.-N.J.",5600,Westchester,119,0127,924,0
G3601190013104906,New York,36,"NEW YORK, N.Y.-N.J.",5600,Westchester,119,013104,906,0
G36011900137325,New York,36,"NEW YORK, N.Y.-N.J.",5600,Westchester,119,0137,325,4
G36011900138904,New York,36,"NEW YORK, N.Y.-N.J.",5600,Westchester,119,0138,904,0
G3601190014804168,New York,36,"NEW YORK, N.Y.-N.J.",5600,Westchester,119,014804,168,0
G3601190014804169,New York,36,"NEW YORK, N.Y.-N.J.",5600,Westchester,119,014804,169,0
G3601190014804170,New York,36,"NEW YORK, N.Y.-N.J.",5600,Westchester,119,014804,170,0
G3601190014804171,New York,36,"NEW YORK, N.Y.-N.J.",5600,Westchester,119,014804,171,0
G3601190014804172,New York,36,"NEW YORK, N.Y.-N.J.",5600,Westchester,119,014804,172,0
G3601190014804173,New York,36,"NEW YORK, N.Y.-N.J.",5600,Westchester,119,014804,173,0
G3601190014804174,New York,36,"NEW YORK, N.Y.-N.J.",5600,Westchester,119,014804,174,0
G3601190014804175,New York,36,"NEW YORK, N.Y.-N.J.",5600,Westchester,119,014804,175,0
G3601190014804176,New York,36,"NEW YORK, N.Y.-N.J.",5600,Westchester,119,014804,176,0
G3601190014804177,New York,36,"NEW YORK, N.Y.-N.J.",5600,Westchester,119,014804,177,0
G3601190014804178,New York,36,"NEW YORK, N.Y.-N.J.",5600,Westchester,119,014804,178,0
G3601190014804179,New York,36,"NEW YORK, N.Y.-N.J.",5600,Westchester,119,014804,179,0
G3601190014804180,New York,36,"NEW YORK, N.Y.-N.J.",5600,Westchester,119,014804,180,0
G3601190014804181,New York,36,"NEW YORK, N.Y.-N.J.",5600,Westchester,119,014804,181,0
G3601190014804182,New York,36,"NEW YORK, N.Y.-N.J.",5600,Westchester,119,014804,182,0
G3601190014804183,New York,36,"NEW YORK, N.Y.-N.J.",5600,Westchester,119,014804,183,0
G3601190014804184,New York,36,"NEW YORK, N.Y.-N.J.",5600,Westchester,119,014804,184,0
G3601190014804185,New York,36,"NEW YORK, N.Y.-N.J.",5600,Westchester,119,014804,185,0
G3601190014804186,New York,36,"NEW YORK, N.Y.-N.J.",5600,Westchester,119,014804,186,0
G3601190014804187,New York,36,"NEW YORK, N.Y.-N.J.",5600,Westchester,119,014804,187,0
G3601190014804188,New York,36,"NEW YORK, N.Y.-N.J.",5600,Westchester,119,014804,188,0
G3601190014804189,New York,36,"NEW YORK, N.Y.-N.J.",5600,Westchester,119,014804,189,0
G3601190014804190,New York,36,"NEW YORK, N.Y.-N.J.",5600,Westchester,119,014804,190,0
G3601190014804191,New York,36,"NEW YORK, N.Y.-N.J.",5600,Westchester,119,014804,191,0
G3601190014804192,New York,36,"NEW YORK, N.Y.-N.J.",5600,Westchester,119,014804,192,0
G3601190014804193,New York,36,"NEW YORK, N.Y.-N.J.",5600,Westchester,119,014804,193,0
G3601190014804194,New York,36,"NEW YORK, N.Y.-N.J.",5600,Westchester,119,014804,194,0
G3601190014804195,New York,36,"NEW YORK, N.Y.-N.J.",5600,Westchester,119,014804,195,0
G3601190014804196,New York,36,"NEW YORK, N.Y.-N.J.",5600,Westchester,119,014804,196,0
G3601190014804197,New York,36,"NEW YORK, N.Y.-N.J.",5600,Westchester,119,014804,197,0
G3601190014804198,New York,36,"NEW YORK, N.Y.-N.J.",5600,Westchester,119,014804,198,0
G3601190014804199,New York,36,"NEW YORK, N.Y.-N.J.",5600,Westchester,119,014804,199,0
G3601190014804201,New York,36,"NEW YORK, N.Y.-N.J.",5600,Westchester,119,014804,201,0
G3601190014809207,New York,36,"NEW YORK, N.Y.-N.J.",5600,Westchester,119,014809,207,57
G3601190014902250,New York,36,"NEW YORK, N.Y.-N.J.",5600,Westchester,119,014902,250,0
G3601190014902936,New York,36,"NEW YORK, N.Y.-N.J.",5600,Westchester,119,014902,936,0
G3601190014903950,New York,36,"NEW YORK, N.Y.-N.J.",5600,Westchester,119,014903,950,0
G3600550009601103,New York,36,"ROCHESTER, N.Y.",6840,Monroe,055,009601,103,76
G3600550011902407,New York,36,"ROCHESTER, N.Y.",6840,Monroe,055,011902,407,5
G36005500124542,New York,36,"ROCHESTER, N.Y.",6840,Monroe,055,0124,542,80
G3600550013202113,New York,36,"ROCHESTER, N.Y.",6840,Monroe,055,013202,113,106
G3600550014202944,New York,36,"ROCHESTER, N.Y.",6840,Monroe,055,014202,944,221
G36005500146936,New York,36,"ROCHESTER, N.Y.",6840,Monroe,055,0146,936,4
G36005500147716,New York,36,"ROCHESTER, N.Y.",6840,Monroe,055,0147,716,72
G36005500151117,New York,36,"ROCHESTER, N.Y.",6840,Monroe,055,0151,117,122
G3600550015302399,New York,36,"ROCHESTER, N.Y.",6840,Monroe,055,015302,399,44
G3600550015302904,New York,36,"ROCHESTER, N.Y.",6840,Monroe,055,015302,904,0
