GISJOIN,STATE,STATEA,SMSA,SMSAA,COUNTY,COUNTYA,TRACTA,BLOCKA
G36000500020907,New York,36,"NEW YORK, N.Y.-N.J.",5600,Bronx,005,0020,907
G3600050005301903,New York,36,"NEW YORK, N.Y.-N.J.",5600,Bronx,005,005301,903
G3600050005301931,New York,36,"NEW YORK, N.Y.-N.J.",5600,Bronx,005,005301,931
G3600050005302104,New York,36,"NEW YORK, N.Y.-N.J.",5600,Bronx,005,005302,104
G36000500057921,New York,36,"NEW YORK, N.Y.-N.J.",5600,Bronx,005,0057,921
G36000500058502,New York,36,"NEW YORK, N.Y.-N.J.",5600,Bronx,005,0058,502
G36000500081201,New York,36,"NEW YORK, N.Y.-N.J.",5600,Bronx,005,0081,201
G36000500094303,New York,36,"NEW YORK, N.Y.-N.J.",5600,Bronx,005,0094,303
G36000500219403,New York,36,"NEW YORK, N.Y.-N.J.",5600,Bronx,005,0219,403
G36000500228104,New York,36,"NEW YORK, N.Y.-N.J.",5600,Bronx,005,0228,104
G36000500296901,New York,36,"NEW YORK, N.Y.-N.J.",5600,Bronx,005,0296,901
G36000500296907,New York,36,"NEW YORK, N.Y.-N.J.",5600,Bronx,005,0296,907
G36000500322201,New York,36,"NEW YORK, N.Y.-N.J.",5600,Bronx,005,0322,201
G36000500329113,New York,36,"NEW YORK, N.Y.-N.J.",5600,Bronx,005,0329,113
G36000500502103,New York,36,"NEW YORK, N.Y.-N.J.",5600,Bronx,005,0502,103
G36004700021103,New York,36,"NEW YORK, N.Y.-N.J.",5600,Kings,047,0021,103
G36004700021208,New York,36,"NEW YORK, N.Y.-N.J.",5600,Kings,047,0021,208
G36004700021209,New York,36,"NEW YORK, N.Y.-N.J.",5600,Kings,047,0021,209
G36004700063206,New York,36,"NEW YORK, N.Y.-N.J.",5600,Kings,047,0063,206
G36004700164102,New York,36,"NEW YORK, N.Y.-N.J.",5600,Kings,047,0164,102
G36004700483402,New York,36,"NEW YORK, N.Y.-N.J.",5600,Kings,047,0483,402
G36004700934302,New York,36,"NEW YORK, N.Y.-N.J.",5600,Kings,047,0934,302
G36004701196112,New York,36,"NEW YORK, N.Y.-N.J.",5600,Kings,047,1196,112
G36005500002309,New York,36,"ROCHESTER, N.Y.",6840,Monroe,055,0002,309
G3600550007802101,New York,36,"ROCHESTER, N.Y.",6840,Monroe,055,007802,101
G3600550007802502,New York,36,"ROCHESTER, N.Y.",6840,Monroe,055,007802,502
G3600550007802608,New York,36,"ROCHESTER, N.Y.",6840,Monroe,055,007802,608
G3600550007802609,New York,36,"ROCHESTER, N.Y.",6840,Monroe,055,007802,609
G36005500081103,New York,36,"ROCHESTER, N.Y.",6840,Monroe,055,0081,103
G36005500091309,New York,36,"ROCHESTER, N.Y.",6840,Monroe,055,0091,309
G36005500095222,New York,36,"ROCHESTER, N.Y.",6840,Monroe,055,0095,222
G3600550009601213,New York,36,"ROCHESTER, N.Y.",6840,Monroe,055,009601,213
G3600550011703308,New York,36,"ROCHESTER, N.Y.",6840,Monroe,055,011703,308
G36005500121101,New York,36,"ROCHESTER, N.Y.",6840,Monroe,055,0121,101
G3600550013001514,New York,36,"ROCHESTER, N.Y.",6840,Monroe,055,013001,514
G3600550013202118,New York,36,"ROCHESTER, N.Y.",6840,Monroe,055,013202,118
G3600550014502218,New York,36,"ROCHESTER, N.Y.",6840,Monroe,055,014502,218
G36005500147730,New York,36,"ROCHESTER, N.Y.",6840,Monroe,055,0147,730
G3600550014804208,New York,36,"ROCHESTER, N.Y.",6840,Monroe,055,014804,208
G3600550014901113,New York,36,"ROCHESTER, N.Y.",6840,Monroe,055,014901,113
G3600550014901114,New York,36,"ROCHESTER, N.Y.",6840,Monroe,055,014901,114
G3600550015301308,New York,36,"ROCHESTER, N.Y.",6840,Monroe,055,015301,308
G3600550015301314,New York,36,"ROCHESTER, N.Y.",6840,Monroe,055,015301,314
G36005500154314,New York,36,"ROCHESTER, N.Y.",6840,Monroe,055,0154,314
G36005500154905,New York,36,"ROCHESTER, N.Y.",6840,Monroe,055,0154,905
G36005903001513,New York,36,"NASSAU-SUFFOLK, N.Y.",5380,Nassau,059,3001,513
G36005903004319,New York,36,"NASSAU-SUFFOLK, N.Y.",5380,Nassau,059,3004,319
G36005903009417,New York,36,"NASSAU-SUFFOLK, N.Y.",5380,Nassau,059,3009,417
G3600590302101105,New York,36,"NASSAU-SUFFOLK, N.Y.",5380,Nassau,059,302101,105
G36005903023911,New York,36,"NASSAU-SUFFOLK, N.Y.",5380,Nassau,059,3023,911
G36005903036225,New York,36,"NASSAU-SUFFOLK, N.Y.",5380,Nassau,059,3036,225
G36005904061622,New York,36,"NASSAU-SUFFOLK, N.Y.",5380,Nassau,059,4061,622
G3600590406502621,New York,36,"NASSAU-SUFFOLK, N.Y.",5380,Nassau,059,406502,621
G36005904081111,New York,36,"NASSAU-SUFFOLK, N.Y.",5380,Nassau,059,4081,111
G3600590412301712,New York,36,"NASSAU-SUFFOLK, N.Y.",5380,Nassau,059,412301,712
G36005904144512,New York,36,"NASSAU-SUFFOLK, N.Y.",5380,Nassau,059,4144,512
G36005904161943,New York,36,"NASSAU-SUFFOLK, N.Y.",5380,Nassau,059,4161,943
G3600590416201125,New York,36,"NASSAU-SUFFOLK, N.Y.",5380,Nassau,059,416201,125
G36005905171418,New York,36,"NASSAU-SUFFOLK, N.Y.",5380,Nassau,059,5171,418
G3600590517701318,New York,36,"NASSAU-SUFFOLK, N.Y.",5380,Nassau,059,517701,318
G3600590518201117,New York,36,"NASSAU-SUFFOLK, N.Y.",5380,Nassau,059,518201,117
G3600590518202208,New York,36,"NASSAU-SUFFOLK, N.Y.",5380,Nassau,059,518202,208
G36005905183229,New York,36,"NASSAU-SUFFOLK, N.Y.",5380,Nassau,059,5183,229
G3600590520402309,New York,36,"NASSAU-SUFFOLK, N.Y.",5380,Nassau,059,520402,309
G3600590521601213,New York,36,"NASSAU-SUFFOLK, N.Y.",5380,Nassau,059,521601,213
G36005905219909,New York,36,"NASSAU-SUFFOLK, N.Y.",5380,Nassau,059,5219,909
G3600610000202302,New York,36,"NEW YORK, N.Y.-N.J.",5600,New York,061,000202,302
G3600610000202306,New York,36,"NEW YORK, N.Y.-N.J.",5600,New York,061,000202,306
G3600610003002107,New York,36,"NEW YORK, N.Y.-N.J.",5600,New York,061,003002,107
G3600610003602302,New York,36,"NEW YORK, N.Y.-N.J.",5600,New York,061,003602,302
G3600610004402102,New York,36,"NEW YORK, N.Y.-N.J.",5600,New York,061,004402,102
G36006100062902,New York,36,"NEW YORK, N.Y.-N.J.",5600,New York,061,0062,902
G36006100079305,New York,36,"NEW YORK, N.Y.-N.J.",5600,New York,061,0079,305
G36006100099109,New York,36,"NEW YORK, N.Y.-N.J.",5600,New York,061,0099,109
G3600610023501104,New York,36,"NEW YORK, N.Y.-N.J.",5600,New York,061,023501,104
G36006100237303,New York,36,"NEW YORK, N.Y.-N.J.",5600,New York,061,0237,303
G36006100295105,New York,36,"NEW YORK, N.Y.-N.J.",5600,New York,061,0295,105
G36006100297913,New York,36,"NEW YORK, N.Y.-N.J.",5600,New York,061,0297,913
G36006100319801,New York,36,"NEW YORK, N.Y.-N.J.",5600,New York,061,0319,801
G36006100319802,New York,36,"NEW YORK, N.Y.-N.J.",5600,New York,061,0319,802
G36006100319803,New York,36,"NEW YORK, N.Y.-N.J.",5600,New York,061,0319,803
G36006100319804,New York,36,"NEW YORK, N.Y.-N.J.",5600,New York,061,0319,804
G36006100319805,New York,36,"NEW YORK, N.Y.-N.J.",5600,New York,061,0319,805
G36006100319807,New York,36,"NEW YORK, N.Y.-N.J.",5600,New York,061,0319,807
G36006100319808,New York,36,"NEW YORK, N.Y.-N.J.",5600,New York,061,0319,808
G36006100319809,New York,36,"NEW YORK, N.Y.-N.J.",5600,New York,061,0319,809
G36006100319810,New York,36,"NEW YORK, N.Y.-N.J.",5600,New York,061,0319,810
G36006100319901,New York,36,"NEW YORK, N.Y.-N.J.",5600,New York,061,0319,901
G36007900102952,New York,36,"NEW YORK, N.Y.-N.J.",5600,Putnam,079,0102,952
G36007900102960,New York,36,"NEW YORK, N.Y.-N.J.",5600,Putnam,079,0102,960
G36007900106921,New York,36,"NEW YORK, N.Y.-N.J.",5600,Putnam,079,0106,921
G36007900112312,New York,36,"NEW YORK, N.Y.-N.J.",5600,Putnam,079,0112,312
G36007900112327,New York,36,"NEW YORK, N.Y.-N.J.",5600,Putnam,079,0112,327
G36007900114201,New York,36,"NEW YORK, N.Y.-N.J.",5600,Putnam,079,0114,201
G36007900114303,New York,36,"NEW YORK, N.Y.-N.J.",5600,Putnam,079,0114,303
G36007900116205,New York,36,"NEW YORK, N.Y.-N.J.",5600,Putnam,079,0116,205
G36007900117321,New York,36,"NEW YORK, N.Y.-N.J.",5600,Putnam,079,0117,321
G36008100001123,New York,36,"NEW YORK, N.Y.-N.J.",5600,Queens,081,0001,123
G36008100001124,New York,36,"NEW YORK, N.Y.-N.J.",5600,Queens,081,0001,124
G36008100007106,New York,36,"NEW YORK, N.Y.-N.J.",5600,Queens,081,0007,106
G36008100071404,New York,36,"NEW YORK, N.Y.-N.J.",5600,Queens,081,0071,404
G36008100095201,New York,36,"NEW YORK, N.Y.-N.J.",5600,Queens,081,0095,201
G36008100095202,New York,36,"NEW YORK, N.Y.-N.J.",5600,Queens,081,0095,202
G36008100137116,New York,36,"NEW YORK, N.Y.-N.J.",5600,Queens,081,0137,116
G36008100191111,New York,36,"NEW YORK, N.Y.-N.J.",5600,Queens,081,0191,111
G36008100197201,New York,36,"NEW YORK, N.Y.-N.J.",5600,Queens,081,0197,201
G3600810020501101,New York,36,"NEW YORK, N.Y.-N.J.",5600,Queens,081,020501,101
G3600810020501402,New York,36,"NEW YORK, N.Y.-N.J.",5600,Queens,081,020501,402
G36008100208110,New York,36,"NEW YORK, N.Y.-N.J.",5600,Queens,081,0208,110
G36008100219220,New York,36,"NEW YORK, N.Y.-N.J.",5600,Queens,081,0219,220
G36008100263302,New York,36,"NEW YORK, N.Y.-N.J.",5600,Queens,081,0263,302
G36008100299308,New York,36,"NEW YORK, N.Y.-N.J.",5600,Queens,081,0299,308
G36008100320111,New York,36,"NEW YORK, N.Y.-N.J.",5600,Queens,081,0320,111
G36008100331101,New York,36,"NEW YORK, N.Y.-N.J.",5600,Queens,081,0331,101
G36008100383905,New York,36,"NEW YORK, N.Y.-N.J.",5600,Queens,081,0383,905
G36008100399902,New York,36,"NEW YORK, N.Y.-N.J.",5600,Queens,081,0399,902
G36008100458203,New York,36,"NEW YORK, N.Y.-N.J.",5600,Queens,081,0458,203
G36008100555202,New York,36,"NEW YORK, N.Y.-N.J.",5600,Queens,081,0555,202
G36008100690111,New York,36,"NEW YORK, N.Y.-N.J.",5600,Queens,081,0690,111
G3600810069702105,New York,36,"NEW YORK, N.Y.-N.J.",5600,Queens,081,069702,105
G3600810084602901,New York,36,"NEW YORK, N.Y.-N.J.",5600,Queens,081,084602,901
G36008100884901,New York,36,"NEW YORK, N.Y.-N.J.",5600,Queens,081,0884,901
G36008100889113,New York,36,"NEW YORK, N.Y.-N.J.",5600,Queens,081,0889,113
G36008100938118,New York,36,"NEW YORK, N.Y.-N.J.",5600,Queens,081,0938,118
G36008100972317,New York,36,"NEW YORK, N.Y.-N.J.",5600,Queens,081,0972,317
G36008100973403,New York,36,"NEW YORK, N.Y.-N.J.",5600,Queens,081,0973,403
G36008100987119,New York,36,"NEW YORK, N.Y.-N.J.",5600,Queens,081,0987,119
G36008101175309,New York,36,"NEW YORK, N.Y.-N.J.",5600,Queens,081,1175,309
G36008101207201,New York,36,"NEW YORK, N.Y.-N.J.",5600,Queens,081,1207,201
G36008101223101,New York,36,"NEW YORK, N.Y.-N.J.",5600,Queens,081,1223,101
G36008101283105,New York,36,"NEW YORK, N.Y.-N.J.",5600,Queens,081,1283,105
G36008101283112,New York,36,"NEW YORK, N.Y.-N.J.",5600,Queens,081,1283,112
G36008101429105,New York,36,"NEW YORK, N.Y.-N.J.",5600,Queens,081,1429,105
G3600850011402304,New York,36,"NEW YORK, N.Y.-N.J.",5600,Richmond,085,011402,304
G3600850012803212,New York,36,"NEW YORK, N.Y.-N.J.",5600,Richmond,085,012803,212
G3600850014602101,New York,36,"NEW YORK, N.Y.-N.J.",5600,Richmond,085,014602,101
G36008500154323,New York,36,"NEW YORK, N.Y.-N.J.",5600,Richmond,085,0154,323
G3600850015601314,New York,36,"NEW YORK, N.Y.-N.J.",5600,Richmond,085,015601,314
G3600850016902225,New York,36,"NEW YORK, N.Y.-N.J.",5600,Richmond,085,016902,225
G36008500176124,New York,36,"NEW YORK, N.Y.-N.J.",5600,Richmond,085,0176,124
G36008500177124,New York,36,"NEW YORK, N.Y.-N.J.",5600,Richmond,085,0177,124
G3600850018902201,New York,36,"NEW YORK, N.Y.-N.J.",5600,Richmond,085,018902,201
G36008500219219,New York,36,"NEW YORK, N.Y.-N.J.",5600,Richmond,085,0219,219
G36008500247112,New York,36,"NEW YORK, N.Y.-N.J.",5600,Richmond,085,0247,112
G36008500247113,New York,36,"NEW YORK, N.Y.-N.J.",5600,Richmond,085,0247,113
G36008500303313,New York,36,"NEW YORK, N.Y.-N.J.",5600,Richmond,085,0303,313
G36008500323101,New York,36,"NEW YORK, N.Y.-N.J.",5600,Richmond,085,0323,101
G36008500323205,New York,36,"NEW YORK, N.Y.-N.J.",5600,Richmond,085,0323,205
G36008700105816,New York,36,"NEW YORK, N.Y.-N.J.",5600,Rockland,087,0105,816
G36008700108341,New York,36,"NEW YORK, N.Y.-N.J.",5600,Rockland,087,0108,341
G36008700111429,New York,36,"NEW YORK, N.Y.-N.J.",5600,Rockland,087,0111,429
G36008700113122,New York,36,"NEW YORK, N.Y.-N.J.",5600,Rockland,087,0113,122
G36008700113123,New York,36,"NEW YORK, N.Y.-N.J.",5600,Rockland,087,0113,123
G36008700113640,New York,36,"NEW YORK, N.Y.-N.J.",5600,Rockland,087,0113,640
G36008700117931,New York,36,"NEW YORK, N.Y.-N.J.",5600,Rockland,087,0117,931
G36008700118121,New York,36,"NEW YORK, N.Y.-N.J.",5600,Rockland,087,0118,121
G36008700118136,New York,36,"NEW YORK, N.Y.-N.J.",5600,Rockland,087,0118,136
G36008700122111,New York,36,"NEW YORK, N.Y.-N.J.",5600,Rockland,087,0122,111
G36008700122136,New York,36,"NEW YORK, N.Y.-N.J.",5600,Rockland,087,0122,136
G36008700126206,New York,36,"NEW YORK, N.Y.-N.J.",5600,Rockland,087,0126,206
G36008700127419,New York,36,"NEW YORK, N.Y.-N.J.",5600,Rockland,087,0127,419
G36008700129313,New York,36,"NEW YORK, N.Y.-N.J.",5600,Rockland,087,0129,313
G36008700129316,New York,36,"NEW YORK, N.Y.-N.J.",5600,Rockland,087,0129,316
G36008700129434,New York,36,"NEW YORK, N.Y.-N.J.",5600,Rockland,087,0129,434
G36008700129513,New York,36,"NEW YORK, N.Y.-N.J.",5600,Rockland,087,0129,513
G36008700130213,New York,36,"NEW YORK, N.Y.-N.J.",5600,Rockland,087,0130,213
G36008700130308,New York,36,"NEW YORK, N.Y.-N.J.",5600,Rockland,087,0130,308
G36008700130317,New York,36,"NEW YORK, N.Y.-N.J.",5600,Rockland,087,0130,317
G36008700130434,New York,36,"NEW YORK, N.Y.-N.J.",5600,Rockland,087,0130,434
G36008700130530,New York,36,"NEW YORK, N.Y.-N.J.",5600,Rockland,087,0130,530
G36008700134440,New York,36,"NEW YORK, N.Y.-N.J.",5600,Rockland,087,0134,440
G36010200138101,New York,36,"NEW YORK, N.Y.-N.J.",5600,Bronx,102,0138,101
G3601030112206331,New York,36,"NASSAU-SUFFOLK, N.Y.",5380,Suffolk,103,112206,331
G3601030112207925,New York,36,"NASSAU-SUFFOLK, N.Y.",5380,Suffolk,103,112207,925
G3601030112209925,New York,36,"NASSAU-SUFFOLK, N.Y.",5380,Suffolk,103,112209,925
G36010301223910,New York,36,"NASSAU-SUFFOLK, N.Y.",5380,Suffolk,103,1223,910
G3601030123401122,New York,36,"NASSAU-SUFFOLK, N.Y.",5380,Suffolk,103,123401,122
G3601030123401123,New York,36,"NASSAU-SUFFOLK, N.Y.",5380,Suffolk,103,123401,123
G3601030123402319,New York,36,"NASSAU-SUFFOLK, N.Y.",5380,Suffolk,103,123402,319
G3601030123402324,New York,36,"NASSAU-SUFFOLK, N.Y.",5380,Suffolk,103,123402,324
G3601030123402325,New York,36,"NASSAU-SUFFOLK, N.Y.",5380,Suffolk,103,123402,325
G3601030123402328,New York,36,"NASSAU-SUFFOLK, N.Y.",5380,Suffolk,103,123402,328
G3601030123701128,New York,36,"NASSAU-SUFFOLK, N.Y.",5380,Suffolk,103,123701,128
G3601030124002104,New York,36,"NASSAU-SUFFOLK, N.Y.",5380,Suffolk,103,124002,104
G3601030124002105,New York,36,"NASSAU-SUFFOLK, N.Y.",5380,Suffolk,103,124002,105
G3601030134905206,New York,36,"NASSAU-SUFFOLK, N.Y.",5380,Suffolk,103,134905,206
G3601030134905311,New York,36,"NASSAU-SUFFOLK, N.Y.",5380,Suffolk,103,134905,311
G3601030135002219,New York,36,"NASSAU-SUFFOLK, N.Y.",5380,Suffolk,103,135002,219
G3601030145601103,New York,36,"NASSAU-SUFFOLK, N.Y.",5380,Suffolk,103,145601,103
G3601030145601904,New York,36,"NASSAU-SUFFOLK, N.Y.",5380,Suffolk,103,145601,904
G3601030145601908,New York,36,"NASSAU-SUFFOLK, N.Y.",5380,Suffolk,103,145601,908
G3601030145803320,New York,36,"NASSAU-SUFFOLK, N.Y.",5380,Suffolk,103,145803,320
G3601030145803325,New York,36,"NASSAU-SUFFOLK, N.Y.",5380,Suffolk,103,145803,325
G3601030145803326,New York,36,"NASSAU-SUFFOLK, N.Y.",5380,Suffolk,103,145803,326
G3601030145803327,New York,36,"NASSAU-SUFFOLK, N.Y.",5380,Suffolk,103,145803,327
G3601030145805516,New York,36,"NASSAU-SUFFOLK, N.Y.",5380,Suffolk,103,145805,516
G3601030145806223,New York,36,"NASSAU-SUFFOLK, N.Y.",5380,Suffolk,103,145806,223
G3601030145901203,New York,36,"NASSAU-SUFFOLK, N.Y.",5380,Suffolk,103,145901,203
G3601030146001108,New York,36,"NASSAU-SUFFOLK, N.Y.",5380,Suffolk,103,146001,108
G3601030146002208,New York,36,"NASSAU-SUFFOLK, N.Y.",5380,Suffolk,103,146002,208
G3601030146003103,New York,36,"NASSAU-SUFFOLK, N.Y.",5380,Suffolk,103,146003,103
G3601030146003299,New York,36,"NASSAU-SUFFOLK, N.Y.",5380,Suffolk,103,146003,299
G3601030146003303,New York,36,"NASSAU-SUFFOLK, N.Y.",5380,Suffolk,103,146003,303
G3601030146103105,New York,36,"NASSAU-SUFFOLK, N.Y.",5380,Suffolk,103,146103,105
G3601030146103330,New York,36,"NASSAU-SUFFOLK, N.Y.",5380,Suffolk,103,146103,330
G3601030146103426,New York,36,"NASSAU-SUFFOLK, N.Y.",5380,Suffolk,103,146103,426
G3601030146103427,New York,36,"NASSAU-SUFFOLK, N.Y.",5380,Suffolk,103,146103,427
G3601030146104323,New York,36,"NASSAU-SUFFOLK, N.Y.",5380,Suffolk,103,146104,323
G3601030146204136,New York,36,"NASSAU-SUFFOLK, N.Y.",5380,Suffolk,103,146204,136
G3601030146204137,New York,36,"NASSAU-SUFFOLK, N.Y.",5380,Suffolk,103,146204,137
G3601030146204138,New York,36,"NASSAU-SUFFOLK, N.Y.",5380,Suffolk,103,146204,138
G36010301463326,New York,36,"NASSAU-SUFFOLK, N.Y.",5380,Suffolk,103,1463,326
G3601030146402106,New York,36,"NASSAU-SUFFOLK, N.Y.",5380,Suffolk,103,146402,106
G36010301465405,New York,36,"NASSAU-SUFFOLK, N.Y.",5380,Suffolk,103,1465,405
G3601030146606599,New York,36,"NASSAU-SUFFOLK, N.Y.",5380,Suffolk,103,146606,599
G3601030146609101,New York,36,"NASSAU-SUFFOLK, N.Y.",5380,Suffolk,103,146609,101
G3601030146705524,New York,36,"NASSAU-SUFFOLK, N.Y.",5380,Suffolk,103,146705,524
G36010301468223,New York,36,"NASSAU-SUFFOLK, N.Y.",5380,Suffolk,103,1468,223
G36010301468224,New York,36,"NASSAU-SUFFOLK, N.Y.",5380,Suffolk,103,1468,224
G36010301468325,New York,36,"NASSAU-SUFFOLK, N.Y.",5380,Suffolk,103,1468,325
G3601030147001113,New York,36,"NASSAU-SUFFOLK, N.Y.",5380,Suffolk,103,147001,113
G36010301471191,New York,36,"NASSAU-SUFFOLK, N.Y.",5380,Suffolk,103,1471,191
G36010301471901,New York,36,"NASSAU-SUFFOLK, N.Y.",5380,Suffolk,103,1471,901
G36010301473200,New York,36,"NASSAU-SUFFOLK, N.Y.",5380,Suffolk,103,1473,200
G3601030158002122,New York,36,"NASSAU-SUFFOLK, N.Y.",5380,Suffolk,103,158002,122
G3601030158006309,New York,36,"NASSAU-SUFFOLK, N.Y.",5380,Suffolk,103,158006,309
G3601030158007126,New York,36,"NASSAU-SUFFOLK, N.Y.",5380,Suffolk,103,158007,126
G3601030158108224,New York,36,"NASSAU-SUFFOLK, N.Y.",5380,Suffolk,103,158108,224
G3601030158112313,New York,36,"NASSAU-SUFFOLK, N.Y.",5380,Suffolk,103,158112,313
G3601030158202202,New York,36,"NASSAU-SUFFOLK, N.Y.",5380,Suffolk,103,158202,202
G3601030158202206,New York,36,"NASSAU-SUFFOLK, N.Y.",5380,Suffolk,103,158202,206
G3601030158203323,New York,36,"NASSAU-SUFFOLK, N.Y.",5380,Suffolk,103,158203,323
G3601030158204101,New York,36,"NASSAU-SUFFOLK, N.Y.",5380,Suffolk,103,158204,101
G3601030158308229,New York,36,"NASSAU-SUFFOLK, N.Y.",5380,Suffolk,103,158308,229
G3601030158314420,New York,36,"NASSAU-SUFFOLK, N.Y.",5380,Suffolk,103,158314,420
G3601030158502208,New York,36,"NASSAU-SUFFOLK, N.Y.",5380,Suffolk,103,158502,208
G3601030158502215,New York,36,"NASSAU-SUFFOLK, N.Y.",5380,Suffolk,103,158502,215
G3601030158604414,New York,36,"NASSAU-SUFFOLK, N.Y.",5380,Suffolk,103,158604,414
G3601030158607334,New York,36,"NASSAU-SUFFOLK, N.Y.",5380,Suffolk,103,158607,334
G3601030158607337,New York,36,"NASSAU-SUFFOLK, N.Y.",5380,Suffolk,103,158607,337
G3601030158705222,New York,36,"NASSAU-SUFFOLK, N.Y.",5380,Suffolk,103,158705,222
G3601030158710557,New York,36,"NASSAU-SUFFOLK, N.Y.",5380,Suffolk,103,158710,557
G3601030158712941,New York,36,"NASSAU-SUFFOLK, N.Y.",5380,Suffolk,103,158712,941
G3601030158712942,New York,36,"NASSAU-SUFFOLK, N.Y.",5380,Suffolk,103,158712,942
G3601030158712949,New York,36,"NASSAU-SUFFOLK, N.Y.",5380,Suffolk,103,158712,949
G3601030158712951,New York,36,"NASSAU-SUFFOLK, N.Y.",5380,Suffolk,103,158712,951
G3601030158712954,New York,36,"NASSAU-SUFFOLK, N.Y.",5380,Suffolk,103,158712,954
G3601030158712958,New York,36,"NASSAU-SUFFOLK, N.Y.",5380,Suffolk,103,158712,958
G36010301590337,New York,36,"NASSAU-SUFFOLK, N.Y.",5380,Suffolk,103,1590,337
G3601030159102111,New York,36,"NASSAU-SUFFOLK, N.Y.",5380,Suffolk,103,159102,111
G3601030159403414,New York,36,"NASSAU-SUFFOLK, N.Y.",5380,Suffolk,103,159403,414
G3601030159403417,New York,36,"NASSAU-SUFFOLK, N.Y.",5380,Suffolk,103,159403,417
G3601030159405199,New York,36,"NASSAU-SUFFOLK, N.Y.",5380,Suffolk,103,159405,199
G3601030159502626,New York,36,"NASSAU-SUFFOLK, N.Y.",5380,Suffolk,103,159502,626
G3601030159502669,New York,36,"NASSAU-SUFFOLK, N.Y.",5380,Suffolk,103,159502,669
G3601030159505915,New York,36,"NASSAU-SUFFOLK, N.Y.",5380,Suffolk,103,159505,915
G3601030170001422,New York,36,"NASSAU-SUFFOLK, N.Y.",5380,Suffolk,103,170001,422
G3601030190402606,New York,36,"NASSAU-SUFFOLK, N.Y.",5380,Suffolk,103,190402,606
G3601030190403506,New York,36,"NASSAU-SUFFOLK, N.Y.",5380,Suffolk,103,190403,506
G3601030190501332,New York,36,"NASSAU-SUFFOLK, N.Y.",5380,Suffolk,103,190501,332
G3601030190502325,New York,36,"NASSAU-SUFFOLK, N.Y.",5380,Suffolk,103,190502,325
G3601030190701404,New York,36,"NASSAU-SUFFOLK, N.Y.",5380,Suffolk,103,190701,404
G36011900012314,New York,36,"NEW YORK, N.Y.-N.J.",5600,Westchester,119,0012,314
G36011900012318,New York,36,"NEW YORK, N.Y.-N.J.",5600,Westchester,119,0012,318
G36011900012321,New York,36,"NEW YORK, N.Y.-N.J.",5600,Westchester,119,0012,321
G3601190001301508,New York,36,"NEW YORK, N.Y.-N.J.",5600,Westchester,119,001301,508
G3601190001402404,New York,36,"NEW YORK, N.Y.-N.J.",5600,Westchester,119,001402,404
G3601190001402412,New York,36,"NEW YORK, N.Y.-N.J.",5600,Westchester,119,001402,412
G3601190001505108,New York,36,"NEW YORK, N.Y.-N.J.",5600,Westchester,119,001505,108
G36011900017611,New York,36,"NEW YORK, N.Y.-N.J.",5600,Westchester,119,0017,611
G36011900020312,New York,36,"NEW YORK, N.Y.-N.J.",5600,Westchester,119,0020,312
G36011900020313,New York,36,"NEW YORK, N.Y.-N.J.",5600,Westchester,119,0020,313
G36011900020315,New York,36,"NEW YORK, N.Y.-N.J.",5600,Westchester,119,0020,315
G36011900020931,New York,36,"NEW YORK, N.Y.-N.J.",5600,Westchester,119,0020,931
G3601190002101311,New York,36,"NEW YORK, N.Y.-N.J.",5600,Westchester,119,002101,311
G3601190002101332,New York,36,"NEW YORK, N.Y.-N.J.",5600,Westchester,119,002101,332
G3601190002103312,New York,36,"NEW YORK, N.Y.-N.J.",5600,Westchester,119,002103,312
G3601190002105218,New York,36,"NEW YORK, N.Y.-N.J.",5600,Westchester,119,002105,218
G3601190002202306,New York,36,"NEW YORK, N.Y.-N.J.",5600,Westchester,119,002202,306
G3601190002403208,New York,36,"NEW YORK, N.Y.-N.J.",5600,Westchester,119,002403,208
G36011900049101,New York,36,"NEW YORK, N.Y.-N.J.",5600,Westchester,119,0049,101
G36011900052101,New York,36,"NEW YORK, N.Y.-N.J.",5600,Westchester,119,0052,101
G36011900052102,New York,36,"NEW YORK, N.Y.-N.J.",5600,Westchester,119,0052,102
G36011900052313,New York,36,"NEW YORK, N.Y.-N.J.",5600,Westchester,119,0052,313
G36011900053303,New York,36,"NEW YORK, N.Y.-N.J.",5600,Westchester,119,0053,303
G36011900053510,New York,36,"NEW YORK, N.Y.-N.J.",5600,Westchester,119,0053,510
G3601190005902306,New York,36,"NEW YORK, N.Y.-N.J.",5600,Westchester,119,005902,306
G36011900062112,New York,36,"NEW YORK, N.Y.-N.J.",5600,Westchester,119,0062,112
G36011900077405,New York,36,"NEW YORK, N.Y.-N.J.",5600,Westchester,119,0077,405
G3601190008302948,New York,36,"NEW YORK, N.Y.-N.J.",5600,Westchester,119,008302,948
G36011900086101,New York,36,"NEW YORK, N.Y.-N.J.",5600,Westchester,119,0086,101
G36011900089105,New York,36,"NEW YORK, N.Y.-N.J.",5600,Westchester,119,0089,105
G36011900089205,New York,36,"NEW YORK, N.Y.-N.J.",5600,Westchester,119,0089,205
G36011900089212,New York,36,"NEW YORK, N.Y.-N.J.",5600,Westchester,119,0089,212
G36011900089213,New York,36,"NEW YORK, N.Y.-N.J.",5600,Westchester,119,0089,213
G36011900089904,New York,36,"NEW YORK, N.Y.-N.J.",5600,Westchester,119,0089,904
G36011900091402,New York,36,"NEW YORK, N.Y.-N.J.",5600,Westchester,119,0091,402
G36011900091523,New York,36,"NEW YORK, N.Y.-N.J.",5600,Westchester,119,0091,523
G36011900099221,New York,36,"NEW YORK, N.Y.-N.J.",5600,Westchester,119,0099,221
G36011900104108,New York,36,"NEW YORK, N.Y.-N.J.",5600,Westchester,119,0104,108
G36011900106317,New York,36,"NEW YORK, N.Y.-N.J.",5600,Westchester,119,0106,317
G36011900106322,New York,36,"NEW YORK, N.Y.-N.J.",5600,Westchester,119,0106,322
G36011900106415,New York,36,"NEW YORK, N.Y.-N.J.",5600,Westchester,119,0106,415
G36011900106611,New York,36,"NEW YORK, N.Y.-N.J.",5600,Westchester,119,0106,611
G36011900107108,New York,36,"NEW YORK, N.Y.-N.J.",5600,Westchester,119,0107,108
G36011900107316,New York,36,"NEW YORK, N.Y.-N.J.",5600,Westchester,119,0107,316
G36011900107597,New York,36,"NEW YORK, N.Y.-N.J.",5600,Westchester,119,0107,597
G36011900107903,New York,36,"NEW YORK, N.Y.-N.J.",5600,Westchester,119,0107,903
G36011900107918,New York,36,"NEW YORK, N.Y.-N.J.",5600,Westchester,119,0107,918
G3601190010802304,New York,36,"NEW YORK, N.Y.-N.J.",5600,Westchester,119,010802,304
G3601190010802516,New York,36,"NEW YORK, N.Y.-N.J.",5600,Westchester,119,010802,516
G3601190010802602,New York,36,"NEW YORK, N.Y.-N.J.",5600,Westchester,119,010802,602
G3601190010902339,New York,36,"NEW YORK, N.Y.-N.J.",5600,Westchester,119,010902,339
G3601190010902403,New York,36,"NEW YORK, N.Y.-N.J.",5600,Westchester,119,010902,403
G3601190010902409,New York,36,"NEW YORK, N.Y.-N.J.",5600,Westchester,119,010902,409
G3601190010903203,New York,36,"NEW YORK, N.Y.-N.J.",5600,Westchester,119,010903,203
G3601190010903513,New York,36,"NEW YORK, N.Y.-N.J.",5600,Westchester,119,010903,513
G36011900110202,New York,36,"NEW YORK, N.Y.-N.J.",5600,Westchester,119,0110,202
G36011900110204,New York,36,"NEW YORK, N.Y.-N.J.",5600,Westchester,119,0110,204
G36011900110904,New York,36,"NEW YORK, N.Y.-N.J.",5600,Westchester,119,0110,904
G36011900110909,New York,36,"NEW YORK, N.Y.-N.J.",5600,Westchester,119,0110,909
G3601190011101306,New York,36,"NEW YORK, N.Y.-N.J.",5600,Westchester,119,011101,306
G3601190011101908,New York,36,"NEW YORK, N.Y.-N.J.",5600,Westchester,119,011101,908
G3601190011101909,New York,36,"NEW YORK, N.Y.-N.J.",5600,Westchester,119,011101,909
G3601190011101917,New York,36,"NEW YORK, N.Y.-N.J.",5600,Westchester,119,011101,917
G3601190011101918,New York,36,"NEW YORK, N.Y.-N.J.",5600,Westchester,119,011101,918
G3601190011101931,New York,36,"NEW YORK, N.Y.-N.J.",5600,Westchester,119,011101,931
G36011900112111,New York,36,"NEW YORK, N.Y.-N.J.",5600,Westchester,119,0112,111
G36011900112116,New York,36,"NEW YORK, N.Y.-N.J.",5600,Westchester,119,0112,116
G36011900112125,New York,36,"NEW YORK, N.Y.-N.J.",5600,Westchester,119,0112,125
G36011900112206,New York,36,"NEW YORK, N.Y.-N.J.",5600,Westchester,119,0112,206
G36011900112207,New York,36,"NEW YORK, N.Y.-N.J.",5600,Westchester,119,0112,207
G36011900112208,New York,36,"NEW YORK, N.Y.-N.J.",5600,Westchester,119,0112,208
G36011900112298,New York,36,"NEW YORK, N.Y.-N.J.",5600,Westchester,119,0112,298
G36011900112436,New York,36,"NEW YORK, N.Y.-N.J.",5600,Westchester,119,0112,436
G36011900112906,New York,36,"NEW YORK, N.Y.-N.J.",5600,Westchester,119,0112,906
G36011900113205,New York,36,"NEW YORK, N.Y.-N.J.",5600,Westchester,119,0113,205
G36011900114534,New York,36,"NEW YORK, N.Y.-N.J.",5600,Westchester,119,0114,534
G36011900114604,New York,36,"NEW YORK, N.Y.-N.J.",5600,Westchester,119,0114,604
G36011900116108,New York,36,"NEW YORK, N.Y.-N.J.",5600,Westchester,119,0116,108
G36011900118122,New York,36,"NEW YORK, N.Y.-N.J.",5600,Westchester,119,0118,122
G3601190011902126,New York,36,"NEW YORK, N.Y.-N.J.",5600,Westchester,119,011902,126
G3601190011902127,New York,36,"NEW YORK, N.Y.-N.J.",5600,Westchester,119,011902,127
G3601190011902201,New York,36,"NEW YORK, N.Y.-N.J.",5600,Westchester,119,011902,201
G3601190011902218,New York,36,"NEW YORK, N.Y.-N.J.",5600,Westchester,119,011902,218
G3601190011902219,New York,36,"NEW YORK, N.Y.-N.J.",5600,Westchester,119,011902,219
G36011900120538,New York,36,"NEW YORK, N.Y.-N.J.",5600,Westchester,119,0120,538
G36011900121314,New York,36,"NEW YORK, N.Y.-N.J.",5600,Westchester,119,0121,314
G36011900121639,New York,36,"NEW YORK, N.Y.-N.J.",5600,Westchester,119,0121,639
G36011900122127,New York,36,"NEW YORK, N.Y.-N.J.",5600,Westchester,119,0122,127
G36011900122128,New York,36,"NEW YORK, N.Y.-N.J.",5600,Westchester,119,0122,128
G36011900122717,New York,36,"NEW YORK, N.Y.-N.J.",5600,Westchester,119,0122,717
G3601190012301230,New York,36,"NEW YORK, N.Y.-N.J.",5600,Westchester,119,012301,230
G3601190012301232,New York,36,"NEW YORK, N.Y.-N.J.",5600,Westchester,119,012301,232
G3601190012301233,New York,36,"NEW YORK, N.Y.-N.J.",5600,Westchester,119,012301,233
G3601190012302933,New York,36,"NEW YORK, N.Y.-N.J.",5600,Westchester,119,012302,933
G36011900125822,New York,36,"NEW YORK, N.Y.-N.J.",5600,Westchester,119,0125,822
G36011900130919,New York,36,"NEW YORK, N.Y.-N.J.",5600,Westchester,119,0130,919
G36011900130921,New York,36,"NEW YORK, N.Y.-N.J.",5600,Westchester,119,0130,921
G3601190013102908,New York,36,"NEW YORK, N.Y.-N.J.",5600,Westchester,119,013102,908
G3601190013102918,New York,36,"NEW YORK, N.Y.-N.J.",5600,Westchester,119,013102,918
G3601190013103901,New York,36,"NEW YORK, N.Y.-N.J.",5600,Westchester,119,013103,901
G3601190013103972,New York,36,"NEW YORK, N.Y.-N.J.",5600,Westchester,119,013103,972
G3601190013104917,New York,36,"NEW YORK, N.Y.-N.J.",5600,Westchester,119,013104,917
G3601190013201304,New York,36,"NEW YORK, N.Y.-N.J.",5600,Westchester,119,013201,304
G3601190013201508,New York,36,"NEW YORK, N.Y.-N.J.",5600,Westchester,119,013201,508
G3601190013202521,New York,36,"NEW YORK, N.Y.-N.J.",5600,Westchester,119,013202,521
G3601190013304901,New York,36,"NEW YORK, N.Y.-N.J.",5600,Westchester,119,013304,901
G36011900138120,New York,36,"NEW YORK, N.Y.-N.J.",5600,Westchester,119,0138,120
G36011900139230,New York,36,"NEW YORK, N.Y.-N.J.",5600,Westchester,119,0139,230
G36011900139302,New York,36,"NEW YORK, N.Y.-N.J.",5600,Westchester,119,0139,302
G36011900141420,New York,36,"NEW YORK, N.Y.-N.J.",5600,Westchester,119,0141,420
G3601190014602201,New York,36,"NEW YORK, N.Y.-N.J.",5600,Westchester,119,014602,201
G3601190014602202,New York,36,"NEW YORK, N.Y.-N.J.",5600,Westchester,119,014602,202
G3601190014602203,New York,36,"NEW YORK, N.Y.-N.J.",5600,Westchester,119,014602,203
G3601190014602204,New York,36,"NEW YORK, N.Y.-N.J.",5600,Westchester,119,014602,204
G3601190014602402,New York,36,"NEW YORK, N.Y.-N.J.",5600,Westchester,119,014602,402
G3601190014701915,New York,36,"NEW YORK, N.Y.-N.J.",5600,Westchester,119,014701,915
G3601190014904988,New York,36,"NEW YORK, N.Y.-N.J.",5600,Westchester,119,014904,988
