"GEO_ID","NAME","P008001","P008002","P008003","P008004","P008005","P008006","P008007","P008008","P008009","P008010","P008011","P008012","P008013","P008014","P008015","P008016","P008017","P008018","P008019","P008020","P008021","P008022","P008023","P008024","P008025","P008026","P008027","P008028","P008029","P008030","P008031","P008032","P008033","P008034","P008035","P008036","P008037","P008038","P008039","P008040","P008041","P008042","P008043","P008044","P008045","P008046","P008047","P008048","P008049","P008050","P008051","P008052","P008053","P008054","P008055","P008056","P008057","P008058","P008059","P008060","P008061","P008062","P008063","P008064","P008065","P008066","P008067","P008068","P008069","P008070","P008071",
"8600000US10001","ZCTA5 10001","21102","20301","13722","1897","75","3539","5","1063","801","749","187","39","221","9","131","31","17","4","48","11","0","7","5","34","5","45","16","3","1","9","0","0","0","3","3","1","1","0","2","0","4","0","0","0","2","0","6","1","0","5","0","0","0","0","0","0","0","0","0","0","0","0","1","0","0","0","0","0","1","0","0",
"8600000US10002","ZCTA5 10002","81410","78659","25506","6836","374","37914","32","7997","2751","2527","434","107","553","18","644","86","106","4","219","73","11","80","35","111","46","192","78","22","1","20","10","0","2","6","18","6","3","1","4","0","6","0","3","7","5","0","28","17","0","6","0","0","0","1","0","0","0","2","2","0","0","0","4","1","3","0","0","0","0","0","0",
"8600000US10003","ZCTA5 10003","56024","54240","42794","1977","101","8088","24","1256","1784","1633","260","88","877","18","181","36","35","1","24","9","0","8","33","61","2","140","51","22","1","8","15","0","7","14","11","4","2","1","2","0","2","0","0","0","0","0","8","3","0","0","1","1","0","1","2","0","0","0","0","0","0","0","3","3","0","0","0","0","0","0","0",
"8600000US10004","ZCTA5 10004","3089","2974","2167","97","8","655","1","46","115","110","20","5","61","0","6","1","4","0","5","0","0","1","2","5","0","5","0","4","0","0","0","0","0","1","0","0","0","0","0","0","0","0","0","0","0","0","0","0","0","0","0","0","0","0","0","0","0","0","0","0","0","0","0","0","0","0","0","0","0","0","0",
"8600000US10005","ZCTA5 10005","7135","6895","5001","242","10","1480","2","160","240","224","53","12","105","5","18","4","4","0","6","0","0","0","5","12","0","16","5","5","0","0","0","0","1","3","2","0","0","0","0","0","0","0","0","0","0","0","0","0","0","0","0","0","0","0","0","0","0","0","0","0","0","0","0","0","0","0","0","0","0","0","0",
"8600000US10006","ZCTA5 10006","3011","2917","2088","137","4","591","0","97","94","84","12","4","43","2","6","4","5","0","1","1","0","0","2","4","0","10","7","0","1","0","0","0","0","1","1","0","0","0","0","0","0","0","0","0","0","0","0","0","0","0","0","0","0","0","0","0","0","0","0","0","0","0","0","0","0","0","0","0","0","0","0",
"8600000US10007","ZCTA5 10007","6988","6731","5281","471","5","878","6","90","257","237","29","5","164","2","8","6","3","0","4","0","2","0","3","11","0","20","7","3","0","3","0","0","0","1","5","0","0","0","0","0","1","0","0","0","0","0","0","0","0","0","0","0","0","0","0","0","0","0","0","0","0","0","0","0","0","0","0","0","0","0","0",
"8600000US10009","ZCTA5 10009","61347","58773","38077","6036","304","8377","33","5946","2574","2310","431","110","681","19","496","99","50","6","184","22","5","68","18","80","41","228","135","22","1","18","3","0","4","7","10","5","5","5","3","0","5","1","0","0","4","0","33","20","4","8","1","0","0","0","0","0","0","0","0","0","0","0","2","1","1","0","0","0","0","1","1",
"8600000US10010","ZCTA5 10010","31834","30819","23493","1877","69","4586","15","779","1015","934","172","45","429","5","110","29","36","3","37","4","0","4","14","43","3","73","30","15","2","2","5","0","1","6","3","0","0","0","1","0","1","1","0","0","0","6","7","3","1","1","0","0","0","0","0","0","2","0","0","0","0","0","0","0","0","0","0","0","0","1","1",
"8600000US10011","ZCTA5 10011","50984","49417","40922","2348","110","4517","24","1496","1567","1413","261","91","622","8","211","39","32","3","50","16","4","14","9","43","10","141","78","8","0","12","7","0","2","7","14","2","5","0","4","0","2","0","0","0","0","0","8","6","0","0","0","0","0","1","0","0","0","0","1","0","0","0","5","4","1","0","0","0","0","0","0",
"8600000US10012","ZCTA5 10012","24090","23355","18203","596","30","3985","7","534","735","682","141","55","335","8","77","5","15","0","11","4","0","1","7","18","5","37","10","3","0","3","5","0","0","7","4","3","1","0","1","0","0","0","0","0","0","0","16","10","0","6","0","0","0","0","0","0","0","0","0","0","0","0","0","0","0","0","0","0","0","0","0",
"8600000US10013","ZCTA5 10013","27700","26976","15407","1040","30","10006","4","489","724","684","67","35","411","11","56","14","13","0","7","17","0","1","16","36","0","38","15","5","0","2","3","1","2","4","2","0","1","0","0","1","0","0","0","1","0","1","2","0","0","0","0","1","0","0","1","0","0","0","0","0","0","0","0","0","0","0","0","0","0","0","0",
"8600000US10014","ZCTA5 10014","31959","31085","28094","660","54","1874","10","393","874","802","137","75","439","4","62","19","14","1","20","1","0","5","15","10","0","63","35","2","0","6","5","0","1","7","4","0","1","0","0","0","1","1","0","0","0","0","8","5","0","3","0","0","0","0","0","0","0","0","0","0","0","0","1","1","0","0","0","0","0","0","0",
"8600000US10016","ZCTA5 10016","54183","52891","40517","2176","91","8998","26","1083","1292","1178","176","39","553","9","146","27","38","2","26","15","0","9","27","105","6","106","41","18","0","7","6","2","0","7","14","3","2","0","1","2","2","0","0","0","0","1","6","2","0","3","0","1","0","0","0","0","0","0","0","0","0","0","2","2","0","0","0","0","0","0","0",
"8600000US10017","ZCTA5 10017","16575","16194","12503","544","15","2930","9","193","381","359","59","2","201","2","28","4","13","0","6","5","1","1","2","35","0","21","8","6","0","0","3","0","0","1","3","0","0","0","0","0","0","0","0","0","0","0","0","0","0","0","0","0","0","0","0","0","0","0","0","0","0","0","1","0","1","0","0","0","0","0","0",
"8600000US10018","ZCTA5 10018","5229","5062","2979","397","17","1343","1","325","167","151","33","3","46","1","20","12","3","0","3","9","0","4","2","11","4","14","9","1","0","0","0","0","0","0","1","0","0","0","1","1","0","0","0","0","1","0","2","1","0","1","0","0","0","0","0","0","0","0","0","0","0","0","0","0","0","0","0","0","0","0","0",
"8600000US10019","ZCTA5 10019","42870","41386","29712","2364","127","7166","25","1992","1484","1382","209","74","490","9","310","19","53","4","65","17","0","20","28","78","6","95","48","4","0","17","5","0","1","8","7","2","2","0","1","0","0","0","0","0","0","0","6","3","0","1","0","0","0","0","1","0","0","0","1","0","0","0","1","1","0","0","0","0","0","0","0",
"8600000US10020","ZCTA5 10020","0","0","0","0","0","0","0","0","0","0","0","0","0","0","0","0","0","0","0","0","0","0","0","0","0","0","0","0","0","0","0","0","0","0","0","0","0","0","0","0","0","0","0","0","0","0","0","0","0","0","0","0","0","0","0","0","0","0","0","0","0","0","0","0","0","0","0","0","0","0","0",
"8600000US10021","ZCTA5 10021","43631","42844","38391","791","54","3182","13","413","787","751","109","47","391","9","89","11","23","3","14","6","1","1","9","34","4","34","13","7","0","3","2","0","0","5","2","0","0","0","0","0","1","0","0","0","0","1","2","1","0","0","0","0","0","0","0","0","0","0","1","0","0","0","0","0","0","0","0","0","0","0","0",
"8600000US10022","ZCTA5 10022","31924","31405","27590","592","31","2872","17","303","519","494","72","21","271","10","50","6","5","2","9","1","0","7","6","31","3","22","5","4","0","2","1","0","1","4","4","0","0","0","0","1","0","0","0","0","0","0","3","2","0","1","0","0","0","0","0","0","0","0","0","0","0","0","0","0","0","0","0","0","0","0","0",
"8600000US10023","ZCTA5 10023","60998","59555","49739","2854","124","5471","17","1350","1443","1357","189","82","697","16","178","37","34","1","55","3","0","7","12","39","7","80","39","8","0","5","5","0","1","7","9","0","0","0","2","0","2","0","0","1","0","1","6","2","0","4","0","0","0","0","0","0","0","0","0","0","0","0","0","0","0","0","0","0","0","0","0",
"8600000US10024","ZCTA5 10024","59283","57676","49185","3381","128","3258","24","1700","1607","1461","256","81","632","15","209","46","24","5","86","13","1","18","16","45","14","138","66","16","1","10","10","0","8","12","10","1","2","0","0","0","1","1","0","0","0","0","7","4","0","3","0","0","0","0","0","0","0","0","0","0","0","0","1","0","0","0","0","1","0","0","0",
"8600000US10025","ZCTA5 10025","94600","90446","61358","13545","421","7803","54","7265","4154","3719","849","178","999","24","767","179","101","15","312","21","5","95","22","115","37","392","200","42","1","55","9","3","13","11","10","3","5","0","15","4","9","0","2","6","2","2","37","16","0","14","1","5","0","0","0","0","0","0","1","0","0","0","4","4","0","0","0","0","0","2","2",
"8600000US10026","ZCTA5 10026","34003","32297","7473","19960","266","1459","38","3101","1706","1489","398","42","148","9","189","194","86","22","283","17","0","38","1","37","25","188","105","11","3","9","5","0","3","2","9","1","4","2","22","3","1","7","1","0","0","0","25","15","1","3","0","0","1","0","2","0","0","1","0","0","1","1","4","3","1","0","0","0","0","0","0",
"8600000US10027","ZCTA5 10027","59707","56800","18562","26420","459","4518","28","6813","2907","2611","627","100","517","16","404","213","114","20","381","9","5","68","19","65","53","275","139","35","3","36","10","4","2","4","9","2","4","2","7","1","4","3","0","3","6","1","18","11","0","2","0","0","0","1","0","2","0","1","1","0","0","0","3","2","0","1","0","0","0","0","0",
"8600000US10028","ZCTA5 10028","45141","44224","39596","767","35","3331","17","478","917","857","123","54","475","7","94","19","15","0","11","5","1","2","10","39","2","51","19","8","0","4","3","0","0","7","7","0","0","0","1","1","1","0","0","0","0","0","9","8","0","0","0","1","0","0","0","0","0","0","0","0","0","0","0","0","0","0","0","0","0","0","0",
"8600000US10029","ZCTA5 10029","76003","72203","24775","23910","830","5241","78","17369","3800","3458","596","66","264","15","1124","214","65","25","638","56","8","172","34","130","51","308","157","16","1","47","3","0","8","4","15","10","2","0","9","0","12","9","0","6","5","4","28","10","0","17","0","1","0","0","0","0","0","0","0","0","0","0","6","5","0","1","0","0","0","0","0",
"8600000US10030","ZCTA5 10030","26999","25935","2958","19399","244","423","24","2887","1064","942","238","24","48","2","130","139","49","28","212","1","3","22","1","23","22","109","61","9","0","10","3","0","3","0","3","0","10","1","2","3","3","1","0","0","0","0","11","6","1","2","0","1","0","0","1","0","0","0","0","0","0","0","2","1","1","0","0","0","0","0","0",
"8600000US10031","ZCTA5 10031","56438","52619","14020","18908","752","1384","38","17517","3819","3486","652","112","167","5","1202","145","80","35","663","17","2","216","9","103","78","303","131","22","1","82","5","1","10","2","11","2","1","0","11","0","5","1","0","10","6","2","27","6","0","14","1","2","0","0","1","0","0","0","0","0","3","0","3","3","0","0","0","0","0","0","0",
"8600000US10032","ZCTA5 10032","57331","53051","16205","12662","901","1987","40","21256","4280","3853","713","98","195","9","1378","151","60","16","702","22","9","242","10","104","144","395","116","30","2","106","4","5","17","0","16","10","5","4","16","1","5","10","0","40","7","1","25","4","0","16","0","0","1","0","0","2","0","0","1","0","0","1","7","4","3","0","0","0","0","0","0",
"8600000US10033","ZCTA5 10033","53926","50025","22900","5246","728","1253","35","19863","3901","3583","622","99","191","18","1441","41","29","11","594","24","11","232","4","115","151","292","84","24","0","100","5","0","7","1","12","5","3","0","6","1","5","11","2","20","5","1","20","7","0","8","0","2","0","1","0","0","0","0","2","0","0","0","6","5","0","0","1","0","0","0","0",
"8600000US10034","ZCTA5 10034","38908","36037","14560","5000","601","886","29","14961","2871","2575","492","59","152","10","958","50","24","10","453","22","10","157","3","73","102","272","72","15","2","51","4","2","15","2","16","21","3","0","11","0","0","10","0","30","16","2","24","9","0","7","0","0","3","0","0","0","0","0","2","2","0","1","0","0","0","0","0","0","0","0","0",
"8600000US10035","ZCTA5 10035","33969","32182","8517","14795","439","1062","36","7333","1787","1628","360","35","68","2","513","147","54","12","313","11","0","62","2","25","24","145","94","6","2","10","2","0","4","1","3","3","6","0","4","0","1","3","1","3","2","0","14","5","1","8","0","0","0","0","0","0","0","0","0","0","0","0","0","0","0","0","0","0","0","0","0",
"8600000US10036","ZCTA5 10036","24711","23805","15736","2301","91","4224","17","1436","906","834","158","64","226","18","168","43","21","1","56","8","0","14","12","39","6","68","33","8","1","4","7","0","1","6","7","0","0","0","0","0","1","0","0","0","0","0","4","0","1","3","0","0","0","0","0","0","0","0","0","0","0","0","0","0","0","0","0","0","0","0","0",
"8600000US10037","ZCTA5 10037","17416","16711","1465","13451","115","299","5","1376","705","636","163","14","43","0","70","129","28","6","144","1","0","17","3","13","5","59","32","6","0","7","0","0","1","1","2","0","0","1","3","3","3","0","0","0","0","0","8","1","0","5","0","1","0","0","0","0","0","0","0","1","0","0","2","1","1","0","0","0","0","0","0",
"8600000US10038","ZCTA5 10038","20300","19597","10819","1630","45","6068","14","1021","703","646","143","39","203","6","99","22","31","0","20","21","1","7","6","42","6","49","21","6","0","9","1","0","0","5","3","1","1","0","1","0","1","0","0","0","0","0","7","5","1","1","0","0","0","0","0","0","0","0","0","0","0","0","1","1","0","0","0","0","0","0","0",
"8600000US10039","ZCTA5 10039","24527","23582","2636","17120","173","442","7","3204","945","808","183","11","38","4","138","130","37","7","204","1","1","22","0","18","14","128","58","14","0","19","7","0","1","0","2","1","5","2","9","4","3","2","1","0","0","0","8","4","0","3","0","0","0","0","0","0","0","0","0","1","0","0","1","1","0","0","0","0","0","0","0",
"8600000US10040","ZCTA5 10040","41905","38698","16204","4623","535","1141","23","16172","3207","2899","530","70","156","9","1104","47","31","8","558","10","2","157","4","103","110","288","101","27","2","82","2","1","16","6","10","9","2","0","5","0","2","8","0","14","0","1","17","4","0","9","0","0","0","0","1","1","0","0","1","0","0","1","2","2","0","0","0","0","0","1","1",
"8600000US10044","ZCTA5 10044","11661","11118","5952","2482","26","2125","50","483","543","495","132","14","133","9","67","40","21","1","42","6","0","1","7","18","4","34","15","5","0","4","0","0","0","0","1","1","4","0","0","0","4","0","0","0","0","0","13","5","0","6","0","1","0","0","0","0","0","0","0","1","0","0","1","1","0","0","0","0","0","0","0",
"8600000US10065","ZCTA5 10065","32270","31653","27771","566","24","2878","4","410","617","583","64","35","323","5","72","8","15","1","10","5","0","4","10","29","2","33","17","4","0","2","1","0","0","2","3","0","0","0","0","2","1","1","0","0","0","0","1","0","0","0","0","1","0","0","0","0","0","0","0","0","0","0","0","0","0","0","0","0","0","0","0",
"8600000US10069","ZCTA5 10069","5199","5053","3750","186","3","1048","0","66","146","135","17","4","80","1","13","0","3","0","2","1","0","0","3","11","0","11","4","1","0","0","1","0","0","4","1","0","0","0","0","0","0","0","0","0","0","0","0","0","0","0","0","0","0","0","0","0","0","0","0","0","0","0","0","0","0","0","0","0","0","0","0",
"8600000US10075","ZCTA5 10075","26121","25616","22970","521","24","1844","4","253","505","478","62","22","277","7","65","2","8","2","8","3","0","2","3","16","1","26","17","6","0","0","0","1","0","1","1","0","0","0","0","0","0","0","0","0","0","0","0","0","0","0","0","0","0","0","0","0","0","0","0","0","0","0","1","1","0","0","0","0","0","0","0",
"8600000US10103","ZCTA5 10103","3","3","1","2","0","0","0","0","0","0","0","0","0","0","0","0","0","0","0","0","0","0","0","0","0","0","0","0","0","0","0","0","0","0","0","0","0","0","0","0","0","0","0","0","0","0","0","0","0","0","0","0","0","0","0","0","0","0","0","0","0","0","0","0","0","0","0","0","0","0","0",
"8600000US10110","ZCTA5 10110","0","0","0","0","0","0","0","0","0","0","0","0","0","0","0","0","0","0","0","0","0","0","0","0","0","0","0","0","0","0","0","0","0","0","0","0","0","0","0","0","0","0","0","0","0","0","0","0","0","0","0","0","0","0","0","0","0","0","0","0","0","0","0","0","0","0","0","0","0","0","0",
"8600000US10111","ZCTA5 10111","0","0","0","0","0","0","0","0","0","0","0","0","0","0","0","0","0","0","0","0","0","0","0","0","0","0","0","0","0","0","0","0","0","0","0","0","0","0","0","0","0","0","0","0","0","0","0","0","0","0","0","0","0","0","0","0","0","0","0","0","0","0","0","0","0","0","0","0","0","0","0",
"8600000US10112","ZCTA5 10112","0","0","0","0","0","0","0","0","0","0","0","0","0","0","0","0","0","0","0","0","0","0","0","0","0","0","0","0","0","0","0","0","0","0","0","0","0","0","0","0","0","0","0","0","0","0","0","0","0","0","0","0","0","0","0","0","0","0","0","0","0","0","0","0","0","0","0","0","0","0","0",
"8600000US10115","ZCTA5 10115","0","0","0","0","0","0","0","0","0","0","0","0","0","0","0","0","0","0","0","0","0","0","0","0","0","0","0","0","0","0","0","0","0","0","0","0","0","0","0","0","0","0","0","0","0","0","0","0","0","0","0","0","0","0","0","0","0","0","0","0","0","0","0","0","0","0","0","0","0","0","0",
"8600000US10119","ZCTA5 10119","92","91","23","58","0","3","0","7","1","1","0","1","0","0","0","0","0","0","0","0","0","0","0","0","0","0","0","0","0","0","0","0","0","0","0","0","0","0","0","0","0","0","0","0","0","0","0","0","0","0","0","0","0","0","0","0","0","0","0","0","0","0","0","0","0","0","0","0","0","0","0",
"8600000US10128","ZCTA5 10128","60453","58836","48582","2854","94","5817","21","1468","1617","1474","281","85","630","15","210","28","68","1","58","6","0","16","9","58","9","125","53","22","0","9","9","0","3","8","11","0","0","1","1","0","1","0","0","0","2","5","18","11","3","3","0","0","0","1","0","0","0","0","0","0","0","0","0","0","0","0","0","0","0","0","0",
"8600000US10152","ZCTA5 10152","0","0","0","0","0","0","0","0","0","0","0","0","0","0","0","0","0","0","0","0","0","0","0","0","0","0","0","0","0","0","0","0","0","0","0","0","0","0","0","0","0","0","0","0","0","0","0","0","0","0","0","0","0","0","0","0","0","0","0","0","0","0","0","0","0","0","0","0","0","0","0",
"8600000US10153","ZCTA5 10153","0","0","0","0","0","0","0","0","0","0","0","0","0","0","0","0","0","0","0","0","0","0","0","0","0","0","0","0","0","0","0","0","0","0","0","0","0","0","0","0","0","0","0","0","0","0","0","0","0","0","0","0","0","0","0","0","0","0","0","0","0","0","0","0","0","0","0","0","0","0","0",
"8600000US10154","ZCTA5 10154","0","0","0","0","0","0","0","0","0","0","0","0","0","0","0","0","0","0","0","0","0","0","0","0","0","0","0","0","0","0","0","0","0","0","0","0","0","0","0","0","0","0","0","0","0","0","0","0","0","0","0","0","0","0","0","0","0","0","0","0","0","0","0","0","0","0","0","0","0","0","0",
"8600000US10162","ZCTA5 10162","1685","1648","1519","17","0","98","0","14","37","35","6","0","20","7","2","0","0","0","0","0","0","0","0","0","0","2","0","0","0","0","0","0","0","2","0","0","0","0","0","0","0","0","0","0","0","0","0","0","0","0","0","0","0","0","0","0","0","0","0","0","0","0","0","0","0","0","0","0","0","0","0",
"8600000US10165","ZCTA5 10165","2","2","0","0","0","2","0","0","0","0","0","0","0","0","0","0","0","0","0","0","0","0","0","0","0","0","0","0","0","0","0","0","0","0","0","0","0","0","0","0","0","0","0","0","0","0","0","0","0","0","0","0","0","0","0","0","0","0","0","0","0","0","0","0","0","0","0","0","0","0","0",
"8600000US10167","ZCTA5 10167","0","0","0","0","0","0","0","0","0","0","0","0","0","0","0","0","0","0","0","0","0","0","0","0","0","0","0","0","0","0","0","0","0","0","0","0","0","0","0","0","0","0","0","0","0","0","0","0","0","0","0","0","0","0","0","0","0","0","0","0","0","0","0","0","0","0","0","0","0","0","0",
"8600000US10168","ZCTA5 10168","0","0","0","0","0","0","0","0","0","0","0","0","0","0","0","0","0","0","0","0","0","0","0","0","0","0","0","0","0","0","0","0","0","0","0","0","0","0","0","0","0","0","0","0","0","0","0","0","0","0","0","0","0","0","0","0","0","0","0","0","0","0","0","0","0","0","0","0","0","0","0",
"8600000US10169","ZCTA5 10169","0","0","0","0","0","0","0","0","0","0","0","0","0","0","0","0","0","0","0","0","0","0","0","0","0","0","0","0","0","0","0","0","0","0","0","0","0","0","0","0","0","0","0","0","0","0","0","0","0","0","0","0","0","0","0","0","0","0","0","0","0","0","0","0","0","0","0","0","0","0","0",
"8600000US10170","ZCTA5 10170","2","2","0","1","0","1","0","0","0","0","0","0","0","0","0","0","0","0","0","0","0","0","0","0","0","0","0","0","0","0","0","0","0","0","0","0","0","0","0","0","0","0","0","0","0","0","0","0","0","0","0","0","0","0","0","0","0","0","0","0","0","0","0","0","0","0","0","0","0","0","0",
"8600000US10171","ZCTA5 10171","0","0","0","0","0","0","0","0","0","0","0","0","0","0","0","0","0","0","0","0","0","0","0","0","0","0","0","0","0","0","0","0","0","0","0","0","0","0","0","0","0","0","0","0","0","0","0","0","0","0","0","0","0","0","0","0","0","0","0","0","0","0","0","0","0","0","0","0","0","0","0",
"8600000US10172","ZCTA5 10172","0","0","0","0","0","0","0","0","0","0","0","0","0","0","0","0","0","0","0","0","0","0","0","0","0","0","0","0","0","0","0","0","0","0","0","0","0","0","0","0","0","0","0","0","0","0","0","0","0","0","0","0","0","0","0","0","0","0","0","0","0","0","0","0","0","0","0","0","0","0","0",
"8600000US10173","ZCTA5 10173","2","2","1","1","0","0","0","0","0","0","0","0","0","0","0","0","0","0","0","0","0","0","0","0","0","0","0","0","0","0","0","0","0","0","0","0","0","0","0","0","0","0","0","0","0","0","0","0","0","0","0","0","0","0","0","0","0","0","0","0","0","0","0","0","0","0","0","0","0","0","0",
"8600000US10174","ZCTA5 10174","0","0","0","0","0","0","0","0","0","0","0","0","0","0","0","0","0","0","0","0","0","0","0","0","0","0","0","0","0","0","0","0","0","0","0","0","0","0","0","0","0","0","0","0","0","0","0","0","0","0","0","0","0","0","0","0","0","0","0","0","0","0","0","0","0","0","0","0","0","0","0",
"8600000US10177","ZCTA5 10177","0","0","0","0","0","0","0","0","0","0","0","0","0","0","0","0","0","0","0","0","0","0","0","0","0","0","0","0","0","0","0","0","0","0","0","0","0","0","0","0","0","0","0","0","0","0","0","0","0","0","0","0","0","0","0","0","0","0","0","0","0","0","0","0","0","0","0","0","0","0","0",
"8600000US10199","ZCTA5 10199","9","9","9","0","0","0","0","0","0","0","0","0","0","0","0","0","0","0","0","0","0","0","0","0","0","0","0","0","0","0","0","0","0","0","0","0","0","0","0","0","0","0","0","0","0","0","0","0","0","0","0","0","0","0","0","0","0","0","0","0","0","0","0","0","0","0","0","0","0","0","0",
"8600000US10271","ZCTA5 10271","0","0","0","0","0","0","0","0","0","0","0","0","0","0","0","0","0","0","0","0","0","0","0","0","0","0","0","0","0","0","0","0","0","0","0","0","0","0","0","0","0","0","0","0","0","0","0","0","0","0","0","0","0","0","0","0","0","0","0","0","0","0","0","0","0","0","0","0","0","0","0",
"8600000US10278","ZCTA5 10278","0","0","0","0","0","0","0","0","0","0","0","0","0","0","0","0","0","0","0","0","0","0","0","0","0","0","0","0","0","0","0","0","0","0","0","0","0","0","0","0","0","0","0","0","0","0","0","0","0","0","0","0","0","0","0","0","0","0","0","0","0","0","0","0","0","0","0","0","0","0","0",
"8600000US10279","ZCTA5 10279","0","0","0","0","0","0","0","0","0","0","0","0","0","0","0","0","0","0","0","0","0","0","0","0","0","0","0","0","0","0","0","0","0","0","0","0","0","0","0","0","0","0","0","0","0","0","0","0","0","0","0","0","0","0","0","0","0","0","0","0","0","0","0","0","0","0","0","0","0","0","0",
"8600000US10280","ZCTA5 10280","7853","7575","5464","235","9","1752","6","109","278","251","38","21","143","1","18","4","6","0","6","1","1","1","4","6","1","25","16","3","0","0","0","0","0","4","2","0","0","0","0","0","0","0","0","0","0","0","2","2","0","0","0","0","0","0","0","0","0","0","0","0","0","0","0","0","0","0","0","0","0","0","0",
"8600000US10282","ZCTA5 10282","4783","4609","3756","115","2","645","2","89","174","167","20","3","115","2","11","1","1","0","3","0","0","0","3","7","1","6","0","2","0","1","1","0","0","0","1","1","0","0","0","0","0","0","0","0","0","0","1","0","0","1","0","0","0","0","0","0","0","0","0","0","0","0","0","0","0","0","0","0","0","0","0",