"Column Name","Label"
"GEO_ID","Geography"
"NAME","Geographic Area Name"
"P8_001N"," !!Total:"
"P8_002N"," !!Total:!!Population of one race:"
"P8_003N"," !!Total:!!Population of one race:!!White alone"
"P8_004N"," !!Total:!!Population of one race:!!Black or African American alone"
"P8_005N"," !!Total:!!Population of one race:!!American Indian and Alaska Native alone"
"P8_006N"," !!Total:!!Population of one race:!!Asian alone"
"P8_007N"," !!Total:!!Population of one race:!!Native Hawaiian and Other Pacific Islander alone"
"P8_008N"," !!Total:!!Population of one race:!!Some Other Race alone"
"P8_009N"," !!Total:!!Population of two or more races:"
"P8_010N"," !!Total:!!Population of two or more races:!!Population of two races:"
"P8_011N"," !!Total:!!Population of two or more races:!!Population of two races:!!White; Black or African American"
"P8_012N"," !!Total:!!Population of two or more races:!!Population of two races:!!White; American Indian and Alaska Native"
"P8_013N"," !!Total:!!Population of two or more races:!!Population of two races:!!White; Asian"
"P8_014N"," !!Total:!!Population of two or more races:!!Population of two races:!!White; Native Hawaiian and Other Pacific Islander"
"P8_015N"," !!Total:!!Population of two or more races:!!Population of two races:!!White; Some Other Race"
"P8_016N"," !!Total:!!Population of two or more races:!!Population of two races:!!Black or African American; American Indian and Alaska Native"
"P8_017N"," !!Total:!!Population of two or more races:!!Population of two races:!!Black or African American; Asian"
"P8_018N"," !!Total:!!Population of two or more races:!!Population of two races:!!Black or African American; Native Hawaiian and Other Pacific Islander"
"P8_019N"," !!Total:!!Population of two or more races:!!Population of two races:!!Black or African American; Some Other Race"
"P8_020N"," !!Total:!!Population of two or more races:!!Population of two races:!!American Indian and Alaska Native; Asian"
"P8_021N"," !!Total:!!Population of two or more races:!!Population of two races:!!American Indian and Alaska Native; Native Hawaiian and Other Pacific Islander"
"P8_022N"," !!Total:!!Population of two or more races:!!Population of two races:!!American Indian and Alaska Native; Some Other Race"
"P8_023N"," !!Total:!!Population of two or more races:!!Population of two races:!!Asian; Native Hawaiian and Other Pacific Islander"
"P8_024N"," !!Total:!!Population of two or more races:!!Population of two races:!!Asian; Some Other Race"
"P8_025N"," !!Total:!!Population of two or more races:!!Population of two races:!!Native Hawaiian and Other Pacific Islander; Some Other Race"
"P8_026N"," !!Total:!!Population of two or more races:!!Population of three races:"
"P8_027N"," !!Total:!!Population of two or more races:!!Population of three races:!!White; Black or African American; American Indian and Alaska Native"
"P8_028N"," !!Total:!!Population of two or more races:!!Population of three races:!!White; Black or African American; Asian"
"P8_029N"," !!Total:!!Population of two or more races:!!Population of three races:!!White; Black or African American; Native Hawaiian and Other Pacific Islander"
"P8_030N"," !!Total:!!Population of two or more races:!!Population of three races:!!White; Black or African American; Some Other Race"
"P8_031N"," !!Total:!!Population of two or more races:!!Population of three races:!!White; American Indian and Alaska Native; Asian"
"P8_032N"," !!Total:!!Population of two or more races:!!Population of three races:!!White; American Indian and Alaska Native; Native Hawaiian and Other Pacific Islander"
"P8_033N"," !!Total:!!Population of two or more races:!!Population of three races:!!White; American Indian and Alaska Native; Some Other Race"
"P8_034N"," !!Total:!!Population of two or more races:!!Population of three races:!!White; Asian; Native Hawaiian and Other Pacific Islander"
"P8_035N"," !!Total:!!Population of two or more races:!!Population of three races:!!White; Asian; Some Other Race"
"P8_036N"," !!Total:!!Population of two or more races:!!Population of three races:!!White; Native Hawaiian and Other Pacific Islander; Some Other Race"
"P8_037N"," !!Total:!!Population of two or more races:!!Population of three races:!!Black or African American; American Indian and Alaska Native; Asian"
"P8_038N"," !!Total:!!Population of two or more races:!!Population of three races:!!Black or African American; American Indian and Alaska Native; Native Hawaiian and Other Pacific Islander"
"P8_039N"," !!Total:!!Population of two or more races:!!Population of three races:!!Black or African American; American Indian and Alaska Native; Some Other Race"
"P8_040N"," !!Total:!!Population of two or more races:!!Population of three races:!!Black or African American; Asian; Native Hawaiian and Other Pacific Islander"
"P8_041N"," !!Total:!!Population of two or more races:!!Population of three races:!!Black or African American; Asian; Some Other Race"
"P8_042N"," !!Total:!!Population of two or more races:!!Population of three races:!!Black or African American; Native Hawaiian and Other Pacific Islander; Some Other Race"
"P8_043N"," !!Total:!!Population of two or more races:!!Population of three races:!!American Indian and Alaska Native; Asian; Native Hawaiian and Other Pacific Islander"
"P8_044N"," !!Total:!!Population of two or more races:!!Population of three races:!!American Indian and Alaska Native; Asian; Some Other Race"
"P8_045N"," !!Total:!!Population of two or more races:!!Population of three races:!!American Indian and Alaska Native; Native Hawaiian and Other Pacific Islander; Some Other Race"
"P8_046N"," !!Total:!!Population of two or more races:!!Population of three races:!!Asian; Native Hawaiian and Other Pacific Islander; Some Other Race"
"P8_047N"," !!Total:!!Population of two or more races:!!Population of four races:"
"P8_048N"," !!Total:!!Population of two or more races:!!Population of four races:!!White; Black or African American; American Indian and Alaska Native; Asian"
"P8_049N"," !!Total:!!Population of two or more races:!!Population of four races:!!White; Black or African American; American Indian and Alaska Native; Native Hawaiian and Other Pacific Islander"
"P8_050N"," !!Total:!!Population of two or more races:!!Population of four races:!!White; Black or African American; American Indian and Alaska Native; Some Other Race"
"P8_051N"," !!Total:!!Population of two or more races:!!Population of four races:!!White; Black or African American; Asian; Native Hawaiian and Other Pacific Islander"
"P8_052N"," !!Total:!!Population of two or more races:!!Population of four races:!!White; Black or African American; Asian; Some Other Race"
"P8_053N"," !!Total:!!Population of two or more races:!!Population of four races:!!White; Black or African American; Native Hawaiian and Other Pacific Islander; Some Other Race"
"P8_054N"," !!Total:!!Population of two or more races:!!Population of four races:!!White; American Indian and Alaska Native; Asian; Native Hawaiian and Other Pacific Islander"
"P8_055N"," !!Total:!!Population of two or more races:!!Population of four races:!!White; American Indian and Alaska Native; Asian; Some Other Race"
"P8_056N"," !!Total:!!Population of two or more races:!!Population of four races:!!White; American Indian and Alaska Native; Native Hawaiian and Other Pacific Islander; Some Other Race"
"P8_057N"," !!Total:!!Population of two or more races:!!Population of four races:!!White; Asian; Native Hawaiian and Other Pacific Islander; Some Other Race"
"P8_058N"," !!Total:!!Population of two or more races:!!Population of four races:!!Black or African American; American Indian and Alaska Native; Asian; Native Hawaiian and Other Pacific Islander"
"P8_059N"," !!Total:!!Population of two or more races:!!Population of four races:!!Black or African American; American Indian and Alaska Native; Asian; Some Other Race"
"P8_060N"," !!Total:!!Population of two or more races:!!Population of four races:!!Black or African American; American Indian and Alaska Native; Native Hawaiian and Other Pacific Islander; Some Other Race"
"P8_061N"," !!Total:!!Population of two or more races:!!Population of four races:!!Black or African American; Asian; Native Hawaiian and Other Pacific Islander; Some Other Race"
"P8_062N"," !!Total:!!Population of two or more races:!!Population of four races:!!American Indian and Alaska Native; Asian; Native Hawaiian and Other Pacific Islander; Some Other Race"
"P8_063N"," !!Total:!!Population of two or more races:!!Population of five races:"
"P8_064N"," !!Total:!!Population of two or more races:!!Population of five races:!!White; Black or African American; American Indian and Alaska Native; Asian; Native Hawaiian and Other Pacific Islander"
"P8_065N"," !!Total:!!Population of two or more races:!!Population of five races:!!White; Black or African American; American Indian and Alaska Native; Asian; Some Other Race"
"P8_066N"," !!Total:!!Population of two or more races:!!Population of five races:!!White; Black or African American; American Indian and Alaska Native; Native Hawaiian and Other Pacific Islander; Some Other Race"
"P8_067N"," !!Total:!!Population of two or more races:!!Population of five races:!!White; Black or African American; Asian; Native Hawaiian and Other Pacific Islander; Some Other Race"
"P8_068N"," !!Total:!!Population of two or more races:!!Population of five races:!!White; American Indian and Alaska Native; Asian; Native Hawaiian and Other Pacific Islander; Some Other Race"
"P8_069N"," !!Total:!!Population of two or more races:!!Population of five races:!!Black or African American; American Indian and Alaska Native; Asian; Native Hawaiian and Other Pacific Islander; Some Other Race"
"P8_070N"," !!Total:!!Population of two or more races:!!Population of six races:"
"P8_071N"," !!Total:!!Population of two or more races:!!Population of six races:!!White; Black or African American; American Indian and Alaska Native; Asian; Native Hawaiian and Other Pacific Islander; Some Other Race"
